nombre,atc,estado,fecha_seguimiento,listado
ABACAVIR SOLUCION ORAL 20 mg / mL,J05AF06,monitorizacion,2026-02-24,activo
ACETAMINOFEN + CODEINA TABLETA 325 mg + 8 mg y 325 mg + 15 mg,N02AJ06,monitorizacion,2026-04-30,activo
ACETATO DE CIPROTERONA TABLETA 50 mg,G03HA01,monitorizacion,2025-12-31,activo
ACETATO DE TRIPTORELINA SOLUCION INYECTABLE 95.6 µG,L02AE04,monitorizacion,2025-12-31,activo
"ACETATO DE TRIPTORELINA POLVO ESTERIL PARA RECONSTITUIR A SUSPENSION INYECTABLE 3.75 mg, 11.25 mg y 22.5 mg",L02AE04,monitorizacion,2026-02-27,activo
ACICLOVIR TABLETA 200 mg Y 800 mg,J05AB01,monitorizacion,2026-04-24,activo
"ACIDO ACETILSALICILICO TABLETA 100 mg, 150 mg y 500 mg",N02BA01,monitorizacion,2026-04-30,activo
"ALENDRONATO SODICO, EQUIVALENTE A ACIDO ALENDRONICO TABLETA 70 mg",M05BA04,riesgo,2026-04-30,activo
ACIDO URSODESOXICOLICO CÁPSULA DURA Y TABLETA 300 mg y 600 mg,A05AA02,monitorizacion,2025-11-28,activo
ÁCIDO VALPROICO CÁPSULA DURA 250 mg,N03AG01,monitorizacion,2026-04-24,activo
ACIDO VALPROICO JARABE 250 mg/5 ml,N03AG01,monitorizacion,2026-04-24,activo
ÁCIDO VALPRÓICO SOLUCIÓN INYECTABLE 500 mg / 5 ml,N03AG01,monitorizacion,2026-04-30,activo
ÁCIDO VALPRÓICO TABLETA DE LIBERACIÓN PROLONGADA Y RETARDADA 250 mg y 500 mg,N03AG01,monitorizacion,2026-04-24,activo
ACIDO ZOLEDRONICO POLVO LIOFILIZADO PARA RECONSTITUIR A SOLUCIÓN INYECTABLE 4 mg / vial (5 ml),M05BA08,monitorizacion,2025-09-26,activo
"ACIDO ZOLEDRONICO SOLUCIÓN INYECTABLE 4 mg / 5 ml, 4 mg / 100 ml y 5 mg / 100 ml",M05BA08,monitorizacion,2025-10-31,activo
ADENOSINA SOLUCIÓN INYECTABLE 6 mg/ 2 ml (3 mg/ml),C01EB10,monitorizacion,2026-03-05,activo
ADRENALINA / EPINEFRINA SOLUCIÓN INYECTABLE 1 mg/ml,C01CA24,monitorizacion,2026-02-26,activo
ALBÚMINA HUMANA SOLUCIÓN INYECTABLE 20%,B05AA01,monitorizacion,2025-05-28,activo
"ALCOHOL POLIVINILICO SOLUCION OFTALMICA 1,4 g / 100 g (1,4%)",S01XA20,monitorizacion,2026-02-26,activo
ALOPURINOL TABLETA 300 mg,M04AA01,monitorizacion,2026-02-26,activo
ALOPURINOL TABLETA 100 mg,M04AA01,riesgo,2026-04-30,activo
"ALPRAZOLAM TABLETA 0,25 mg, 0.5 mg y 1 mg",N05BA12,monitorizacion,2026-04-30,activo
AMIODARONA CLORHIDRATO SOLUCION INYECTABLE 150 mg,C01BD01,monitorizacion,2026-02-27,activo
AMIODARONA CLORHIDRATO TABLETA 200 mg,C01BD01,monitorizacion,2025-12-29,activo
AMISULPRIDA TABLETA 200 mg,N05AL05,monitorizacion,2026-02-27,activo
"AMOXICILINA POLVO PARA RECONSTITUIR A SUSPENSIÓN ORAL 125 mg /5 ml, 250 mg / 5 ml, 500 mg/ 5 ml y 750 mg/ 5 ml",J01CA04,monitorizacion,2025-08-29,activo
ANAGRALIDA CAPSULA DURA 0.5 mg,L01XX35,monitorizacion,2025-11-28,activo
"ANFOTERICINA B LIPOSOMAL POLVO LIOFILIZADO PARA RECONSTITUIR A SOLUCION INYECTABLE 100 mg / 20 ml, 50 mg / 10 ml",J02AA01,monitorizacion,2026-05-29,activo
ANTIACIDOS CON BICARBONATO DE SODIO GRANULOS EFERVESCENTES ANTIACIDOS CON BICARBONATO DE SODIO POLVO PARA RECONSTITUIR A SOLUCION ORAL,A02AH99,monitorizacion,2025-10-31,activo
ANTIACIDOS CON BICARBONATO DE SODIO + ALGINATO DE SODIO + CARBONATO DE CALCIO SUSPENSION ORAL (2.50 g + 2.67 g + 1.50 g) / Envase,A02AB10,monitorizacion,2026-02-27,activo
ANTIACIDOS CON BICARBONATO DE SODIO + ACIDO ACETIL SALICILICO + ACIDO CITRICO TABLETA EFERVESCENTE,A02AH01,monitorizacion,2025-10-31,activo
APIXABAN TABLETA 5 mg,B01AF02,monitorizacion,2026-02-27,activo
ARIPIPRAZOL TABLETA 30 mg,N05AX12,monitorizacion,2025-11-28,activo
ARIPIPRAZOL TABLETA 15 mg,N05AX12,monitorizacion,2025-11-28,activo
ASFOTASA ALFA SOLUCION INYECTABLE 40 mg / ml,A16AB13,monitorizacion,2026-05-29,activo
ATAZANAVIR CÁPSULA DURA 200 mg y 300 mg,J05AE08,monitorizacion,2026-04-20,activo
"ATOMOXETINA CÁPSULA DURA 10 mg, 25 mg, 40 mg y 60 mg",N06BA09,desabastecido,2026-04-30,activo
"ATORVASTATINA + EZETIMIBE TABLETA 10 mg + 10 mg, 10 mg + 20 mg, 10 mg + 40 mg y 20 mg + 10 mg",C10BA05,monitorizacion,2026-02-24,activo
ATROPINA SULFATO SOLUCION INYECTABLE 1 mg / ml,A03BA01,monitorizacion,2025-09-19,activo
"ATROPINA SULFATO SOLUCIÓN OFTÁLMICA 0,5% Y 1% (5 mg/ml y 10 mg/ml)",S01FA01,monitorizacion,2025-07-08,activo
AZITROMICINA POLVO PARA RECONSTITUIR A SUSPENSION ORAL Y SUSPENSION ORAL 250 mg/5 mL,J01FA10,monitorizacion,2025-08-29,activo
AZITROMICINA POLVO PARA RECONSTITUIR A SOLUCIÓN INYECTABLE 500 mg / Vial,J01FA10,monitorizacion,2025-08-27,activo
AZITROMICINA TABLETA 500 mg,J01FA10,monitorizacion,2025-08-29,activo
BCG VACUNA POLVO LIOFILIZADO PARA RECONSTITUIR A SUSPENSIÓN INYECTABLE 30 mg / vial y 40 mg / vial,L03AX03,monitorizacion,2025-12-18,activo
BECLOMETASONA SOLUCION PARA INHALACION 250mcg - 50mcg,R03BA01,monitorizacion,2026-04-30,activo
BETAMETASONA SODIO FOSFATO SOLUCION INYECTABLE 4 mg/ml y 8 mg /2 ml,H02AB01,monitorizacion,2026-02-27,activo
BETAMETASONA SUSPENSION INYECTABLE (5 mg + 2 mg)/ 1 ml; (6 mg + 6 mg)/ 2 ml; (3 mg + 3 mg)/ 1 ml,H02AB01,monitorizacion,2026-03-31,activo
"BETAMETILDIGOXINA SOLUCION INYECTABLE 0,2 mg /1 ml y 0.2 mg/2 ml",C01AA08,monitorizacion,2026-02-26,activo
BICARBONATO DE SODIO SOLUCIÓN INYECTABLE 1 meq/ml,B05XA02,monitorizacion,2026-02-27,activo
"BISOPROLOL TABLETA 2.5mg, 5 mg y 10 mg",C07AB07,monitorizacion,2026-04-30,activo
BRIVARACETAM SOLUCIÓN ORAL 10 mg/ml,N03AX23,monitorizacion,2026-04-30,activo
"BRIVARACETAM TABLETA 10 mg, 50 mg y 100 mg",N03AX23,monitorizacion,2026-04-20,activo
BUCLIZINA CLORHIDRATO JARABE 100 mg,R06AE01,monitorizacion,2025-11-28,activo
BUDESONIDA SOLUCIÓN PARA INHALACIÓN 1mg - 4mg,R03BA02,monitorizacion,2026-02-27,activo
BUDESONIDA+FORMOTEROL SUSPENSIÓN PARA INHALACIÓN 0.09 mg + 3.2 mg - 4.5 mcg + 160 mcg - 4.5 mcg + 80 mcg - 100 mcg + 6 mcg,R03AK07,monitorizacion,2026-02-27,activo
"BUPIVACAINA CLORHIDRATO SOLUCIÓN INYECTABLE (0,25%) 2.5 mg/mL, (0,5%) 5 mg/mL, (0,75%) 7,5 mg/mL y (4%) 40 mg/mL",N01BB01,monitorizacion,2025-08-29,activo
BUPIVACAINA + DEXTROSA SOLUCIÓN INYECTABLE (5 mg + 80 mg)/mL,N01BB01,monitorizacion,2025-12-19,activo
BUPIVACAINA + EPINEFRINA SOLUCIÓN INYECTABLE (5 mg + 5 μg) / ml,N01BB53,monitorizacion,2025-12-19,activo
"CANDESARTAN CILEXETIL TABLETA 8mg, 16 mg y 32 mg",C09CA06,monitorizacion,2026-05-29,activo
CANDESARTAN CILEXETIL + HIDROCLOROTIAZIDA TABLETA 16.0 mg + 12.5 mg,C09DA06,riesgo,2026-04-30,activo
CARBAMAZEPINA TABLETA DE LIBERACION PROLONGADA 200 mg,N03AF01,monitorizacion,2026-05-29,activo
CARBAMAZEPINA TABLETA DE LIBERACION PROLONGADA 400 mg,N03AF01,monitorizacion,2026-05-29,activo
"CARBIDOPA + LEVODOPA + ENTACAPONA TABLETA 50+ 12,5+ 200 mg, 100 + 25 + 200 mg, 200 mg + 50 mg + 200 mg y 150 + 37,5 + 200 mg",N04BA03,monitorizacion,2026-02-27,activo
CARBIDOPA + LEVODOPA TABLETA 25 mg + 100 mg y 25 mg + 250 mg,N04BA02,monitorizacion,2026-02-27,activo
CARBONATO DE CALCIO TABLETA 600 mg,A12AA04,monitorizacion,2026-05-29,activo
CARBONATO DE LITIO TABLETA 300 mg,N05AN01,monitorizacion,2026-02-24,activo
CARBOXIMETILCELULOSA SODICA + GLICERINA SOLUCION OFTALMICA,S01XA20,monitorizacion,2025-09-29,activo
CARBOXIMETILCELULOSA SODICA + HIALURONATO DE SODIO + GLICERINA SOLUCION OFTALMICA,S01XA20,monitorizacion,2025-09-26,activo
CARVEDILOL TABLETA 6.25 mg,C07AG02,monitorizacion,2026-04-30,activo
CARVEDILOL TABLETA 12.5 mg,C07AG02,monitorizacion,2026-04-30,activo
CARVEDILOL TABLETA 25 mg,C07AG02,monitorizacion,2026-04-30,activo
"CEFADROXILO POLVO PARA RECONSTITUIR A SUSPENSION ORAL 125 mg / 5 ml, 250 mg / 5 ml, 500 mg / 5 ml",J01DB05,monitorizacion,2025-08-29,activo
CEFADROXILO TABLETA DE LIBERACION PROLONGADA 1000 mg,J01DB05,monitorizacion,2025-08-28,activo
CEFADROXILO CAPSULA DURA 500 mg y 1000 mg,J01DB05,monitorizacion,2025-08-29,activo
CEFUROXIMA POLVO PARA RECONSTITUIR EN SOLUCIÓN INYECTABLE 750 mg / vial,J01DC02,monitorizacion,2025-09-18,activo
CEFUROXIMA TABLETA 250 mg y 500 mg,J01DC02,monitorizacion,2025-09-23,activo
CICLOBENZAPRINA CLORHIDRATO TABLETA 5 mg,M03BX08,monitorizacion,2025-12-19,activo
CICLOFOSFAMIDA POLVO ESTERIL PARA RECONSTITUIR A SOLUCION INYECTABLE 500 mg/ vial y 1 g/vial,L01AA01,desabastecido,2026-05-29,activo
CINITAPRIDA + SIMETICONA TABLETA y TABLETA MASTICABLE 1mg + 200mg,A03FA08,monitorizacion,2026-05-29,activo
CIPROFLOXACINA SOLUCIÓN INYECTABLE 100 mg / 10 ml y 200 mg /10 ml,J01MA02,monitorizacion,2025-09-29,activo
CITRATO DE CAFEINA SOLUCION INYECTABLE / SOLUCIÓN ORAL 20 mg/ml,N06BC01,desabastecido,2026-04-30,activo
CLADRIBINA SOLUCION INYECTABLE 2 mg/ml,L01BB04,monitorizacion,2026-06-10,activo
CLEMASTINA SOLUCIÓN INYECTABLE 2 mg / 2 ml,R06AA04,monitorizacion,2026-05-29,activo
CLINDAMICINA CAPSULA DURA 300 mg,J01FF01,monitorizacion,2025-08-29,activo
CLOBAZAM TABLETA 10 mg y 20 mg,N05BA09,monitorizacion,2026-03-31,activo
CLOMIPRAMINA CLORHIDRATO TABLETA DE LIBERACION PROLONGADA 75 mg,N06AA04,monitorizacion,2026-03-26,activo
"CLONAZEPAM SOLUCION ORAL 2,5 mg/ml",N03AE01,monitorizacion,2025-09-23,activo
CLOPIDOGREL TABLETA 75 mg,J01DB01,monitorizacion,2026-04-30,activo
CLORURO DE SODIO 12.8 mg + CLORURO DE POTASIO 1.5 mg + CITRATO DE SODIO DIHIDRATADO 3.4 mg + ACETATO DE SODIO TRIHIDRATADO 7.8 mg + CLORURO DE CALCIO DIHIDRATADO 0.96 mg + CLORURO DE MAGNESIO HEXAHIDRATADO 0.6 mg / 100 ml SOLUCIÓN OFTÁLMICA,S01XA,riesgo,2026-04-30,activo
"CLORURO DE SODIO SOLUCIÓN INYECTABLE 0,9 g / 100 mL (0,9%)",B05XA03,monitorizacion,2025-08-28,activo
CLOZAPINA TABLETA 25 mg y 100 mg,N05AH02,monitorizacion,2026-04-21,activo
"COLECALCIFEROL CÁPSULA BLANDA Y DURA 1000 UI, 2000 UI, 5000 UI, 7000 UI, 14000 UI y 50000 UI",A11CC05,monitorizacion,2026-03-31,activo
DAPAGLIFOZINA TABLETA 10 mg,A10BK01,monitorizacion,2026-05-29,activo
DAPAGLIFLOZINA Y METFORMINA TABLETA RECUBIERTA DE LIBERACIÓN PROLONGADA 5 mg + 1000 mg y 10 mg + 1000 mg,A10BD15,monitorizacion,2026-03-31,activo
"DEFERASIROX TABLETA 180 mg, 250 mg, 360 mg y 500 mg",V03AC03,monitorizacion,2025-10-31,activo
DESMOPRESINA SOLUCIÓN SUBLINGUAL 0.4 mg/ml,H01BA02,monitorizacion,2025-08-29,activo
"DESMOPRESINA SOLUCIÓN INYECTABLE 4 μg/ 0,5 mL, 15 μg/ 1 mL y 20 μg/ 1 ml",H01BA02,monitorizacion,2025-09-02,activo
DEXAMETASONA SOLUCION INYECTABLE 4 mg/2 ml,H02AB02,monitorizacion,2026-02-27,activo
DEXAMETASONA + TOBRAMICINA SUSPENSIÓN OFTALMICA (1 mg + 3 mg) / vial,S01CA01,monitorizacion,2026-01-30,activo
DEXAMETASONA + TOBRAMICINA SOLUCIÓN OFTALMICA (1 mg + 3 mg) / vial,S01CA01,monitorizacion,2026-01-30,activo
DEXLANSOPRAZOL CÁPSULA DE LIBERACIÓN RETARDADA 30 mg y 60 mg,A02BC06,monitorizacion,2026-04-30,activo
DEXMEDETOMIDINA CLORHIDRATO SOLUCIÓN INYECTABLE 100 mcg / vial + 200 mcg / vial,N05CM18,monitorizacion,2026-03-25,activo
"DEXTROSA / GLUCOSA SOLUCIÓN INYECTABLE 5%, 10% Y 50%",B05CX01,monitorizacion,2025-07-14,activo
DIACEREINA CÁPSULA DURA Y TABLETA 50 mg,M01AX21,monitorizacion,2025-08-28,activo
DIFENHIDRAMINA HCl SOLUCION INYECTABLE 10 mg/ml,R06AA02,monitorizacion,2026-04-23,activo
DIFENHIDRAMINA SOLUCIÓN INYECTABLE 50 mg/ml,R06AA02,monitorizacion,2026-03-20,activo
DIPIRIDAMOL SOLUCION INYECTABLE 10 mg/2ml,B01AC07,monitorizacion,2026-02-27,activo
"DOBUTAMINA SOLUCIÓN INYECTABLE PARA INFUSIÓN 250 mg / 5 mL, 250 mg / 20 mL",C01CA07,monitorizacion,2025-08-29,activo
DOPAMINA SOLUCIÓN INYECTABLE 200 mg / 5 ml,C01CA04,monitorizacion,2025-09-30,activo
DORZOLAMIDA SOLUCION OFTALMICA 20 mg/ ml,S01EC03,monitorizacion,2025-10-31,activo
DORZOLAMIDA + TIMOLOL SOLUCIÓN OFTÁLMICA (20 mg + 5 mg)/ ml,S01ED51,monitorizacion,2024-10-04,activo
DOXICICLINA CÁPSULA DURA Y TABLETA 100 mg,J01AA02,monitorizacion,2025-09-29,activo
DOXORRUBICINA SOLUCIÓN INYECTABLE 2 mg / ml,L01DB01,monitorizacion,2025-12-19,activo
DULOXETINA CÁPSULA DURA 30 mg y 60 mg,N06AX21,monitorizacion,2026-04-30,activo
DULOXETINA TABLETA DE LIBERACIÓN RETARDADA 60 mg,N06AX21,monitorizacion,2026-05-29,activo
DUPILUMAB SOLUCIÓN INYECTABLE 150 mg/ml y 175 mg/ml,L04AC13,monitorizacion,2026-05-29,activo
DUTASTERIDA / DUTASTERIDE CÁPSULA BLANDA 0.5 mg,G04CB02,monitorizacion,2026-05-29,activo
EFAVIRENZ + EMTRICITABINA + TENOFOVIR DISOPROXIL FUMARATO TABLETA 600 mg + 200 mg + 300 mg; 600 mg + 200 mg + 245 mg,J05AR06,monitorizacion,2025-12-19,activo
ELVITEGRAVIR + COBICISTAT + EMTRICITABINA +TENOFOVIR ALAFENAMIDA FUMARATO ALAFENAMIDA TABLETA 150 mg + 10 mg + 150 mg + 200 mg,J05AR09,monitorizacion,2026-05-29,activo
ELVITEGRAVIR + COBICISTAT + TENOFOVIR DISOPROXIL FUMARATO + EMTRICITABINA TABLETA 300 mg + 150 mg + 150 mg + 200 mg,J05AR09,monitorizacion,2026-05-29,activo
EMPAGLIFOZINA + LINAGLIPTINA TABLETA 25 mg + 5 mg y 10 mg + 5 mg,A10BD19,monitorizacion,2025-10-31,activo
EMTRICITABINA Y TENOFOVIR ALAFENAMIDA TABLETA 200 mg + 10 mg y 200 mg + 25 mg,J05AR17,monitorizacion,2026-05-29,activo
ENALAPRIL TABLETA 5 mg,C09AA02,monitorizacion,2026-04-30,activo
ENALAPRIL TABLETA 20 mg,C09AA02,riesgo,2026-04-30,activo
ENANTATO DE TESTOSTERONA SOLUCION INYECTABLE 250 mg / vial,G03BA03,monitorizacion,2025-12-31,activo
"ENOXAPARINA SÓDICA SOLUCIÓN INYECTABLE 20 mg / 0,2 ml, 40 mg / 0,4 ml, 60 mg / 0,6 ml, 80 mg / 0,8 ml y 100 mg / 10 ml",B01AB05,monitorizacion,2026-04-30,activo
EPIRRUBICINA POLVO LIOFILIZADO ESTERIL PARA RECONSTITUIR A SOLUCION INYECTABLE 50 mg / 25 ml (2 mg/ml),L01DB03,monitorizacion,2025-06-30,activo
EPOPROSTENOL POLVO ESTERIL PARA RECONSTITUIR A SOLUCION INYECTABLE 1.5 mg,B01AC09,monitorizacion,2025-07-31,activo
ERLOTINIB TABLETA 100 mg y 150 mg,L01XE03,monitorizacion,2026-02-27,activo
ESCITALOPRAM TABLETA 15 mg,N06AB10,monitorizacion,2026-04-30,activo
ESOMEPRAZOL SODICO POLVO ESTERIL PARA RECONSTITUIR A SOLUCION INYECTABLE 40 mg / vial,A02BC05,monitorizacion,2026-02-27,activo
ESOMEPRAZOL MAGNÉSICO TRIHIDRATADO EQUIVALENTE A ESOMEPRAZOL GRANULOS 10 mg y 50 mg,A02BC05,monitorizacion,2026-02-27,activo
ESOMEPRAZOL TABLETA DE LIBERACION PROLONGADA 40 mg,A02BC05,monitorizacion,2026-04-30,activo
ESOMEPRAZOL TABLETA y CAPSULAS 20 mg y 40 mg,A02BC05,monitorizacion,2026-03-31,activo
ESTRADIOL GEL TÓPICO 60 mg,G03CA03,monitorizacion,2026-05-29,activo
ESTRADIOL HEMIHIDRATO SOLUCIÓN TÓPICA (PARCHE TRANSDÉRMICO) 1.53 mg / DOSIS,G03CA03,monitorizacion,2026-05-05,activo
ESTRADIOL HEXAHIDROBENZOATO SOLUCION INYECTABLE 5 mg/ml,G03CA03,monitorizacion,2025-12-31,activo
ESZOPICLONA TABLETA 2 mg,N05CF04,monitorizacion,2026-05-29,activo
ETILEFRINA CLORHIDRATO SOLUCIÓN INYECTABLE 10 mg/ml,C01CA25,monitorizacion,2025-08-29,activo
ETOPOSIDO SOLUCION INYECTABLE 100 mg /5 ml,L01CB01,monitorizacion,2025-12-15,activo
ETORICOXIB TABLETA 120 mg,M01AH05,monitorizacion,2025-09-30,activo
ETORICOXIB TABLETA 60 mg,M01AH05,monitorizacion,2025-09-30,activo
ETORICOXIB TABLETA 30 mg,M01AH05,monitorizacion,2025-09-30,activo
EXTRACTO DE SURFACTANTE PULMONAR BOVINO SUSPENSIÓN ESTERIL INTRATRAQUEAL 105 mg /3 ml y 210 mg/6 ml,R07AA02,monitorizacion,2025-10-07,activo
EZETIMIBA TABLETA 10 mg,C10AX09,monitorizacion,2025-11-28,activo
"EZETIMIBA + SIMVASTATINA TABLETA 10 mg + 10 mg, 10 mg + 20 mg, 10 mg + 40 mg",C10BA02,monitorizacion,2025-12-18,activo
FAMPRIDINA (4‑AMINOPIRIDINA) TABLETA DE LIBERACIÓN PROLONGADA 10 mg,N07XX07,monitorizacion,2026-04-30,activo
FACTORES DE COAGULACION IX II. VII Y X EN COMBINACION POLVO LIOFILIZADO PARA RECONSTITUIR A SOLUCION INYECTABLE (14.00000 UI/ml + 9.00000 UI/ml + 20.00000 UI/ml + 18.00000 UI/ml + 13.00000 UI/ml + 12.00000 UI/ml 25.00000 UI/ml + 25.00000 UI/ml + 25.00000 UI/ml + 14.00000 UI/ml + 25.00000 UI/ml + 4.00000 UI/ml 34.00000 UI | 18.00000 UI | 25.00000 UI | 41.00000 UI | 30.00000 UI | 25.00000 UI)/vial,B02BD01,monitorizacion,2025-07-31,activo
FACTOR VIII (Plasmatico) POLVO LIOFILIZADO PARA RECONSTITUIR A SOLUCION INYECTABLE 250 UI/vial,B02BD02,monitorizacion,2026-02-27,activo
FACTOR VIII (Plasmatico) POLVO LIOFILIZADO PARA RECONSTITUIR A SOLUCION INYECTABLE 500 UI/vial,B02BD02,monitorizacion,2026-02-27,activo
FACTOR VIII (Plasmatico) POLVO LIOFILIZADO PARA RECONSTITUIR A SOLUCION INYECTABLE 1000 UI/vial,B02BD02,monitorizacion,2026-02-27,activo
FACTOR VIII + FACTOR VON WILLEBRAND (Con proporción de Factor VIII superior a la de Factor VW) POLVO LIOFILIZADO PARA RECONSTITUIR A SOLUCION INYECTABLE 500 UI/vial y 375 UI/vial,B02BD02,monitorizacion,2026-02-27,activo
FACTOR VIII + FACTOR VON WILLEBRAND (Con proporción de Factor VIII superior a la de Factor VW) POLVO LIOFILIZADO PARA RECONSTITUIR A SOLUCION INYECTABLE 1000 UI/vial,B02BD02,monitorizacion,2026-02-27,activo
FACTOR VIII + FACTOR VON WILLEBRAND (Con proporción de Factor VIII superior a la de Factor VW) POLVO LIOFILIZADO PARA RECONSTITUIR A SOLUCION INYECTABLE 250 UI/vial,B02BD02,monitorizacion,2026-02-27,activo
FACTOR VIII + FACTOR VON WILLEBRAND (Con proporción de Factor VW superior a la de Factor VIII) POLVO LIOFILIZADO PARA RECONSTITUIR A SOLUCION INYECTABLE (1000 IU + 2400 IU)/vial,B02BD06,monitorizacion,2026-02-27,activo
FACTOR VIII + FACTOR VON WILLEBRAND (Con proporción de Factor VW superior a la de Factor VIII) POLVO LIOFILIZADO PARA RECONSTITUIR A SOLUCION INYECTABLE (500 UI + 600 UI)/vial,B02BD06,monitorizacion,2026-02-27,activo
FACTOR VIII + FACTOR VON WILLEBRAND (Con proporción de Factor VW igual a la de Factor VIII) POLVO LIOFILIZADO PARA RECONSTITUIR A SOLUCION INYECTABLE (1000 UI + 1000 UI)/vial,B02BD06,monitorizacion,2026-02-27,activo
FACTOR VIII + FACTOR VON WILLEBRAND (Con proporción de Factor VW igual a la de Factor VIII) POLVO LIOFILIZADO PARA RECONSTITUIR A SOLUCION INYECTABLE (500 UI + 500 UI + 7.50 mg)/vial,B02BD06,monitorizacion,2026-02-27,activo
FEBUXOSTAT CÁPSULA BLANDA 120 mg,M04AA03,monitorizacion,2026-02-27,activo
FENITOINA CÁPSULA DE LIBERACION PROLONGADA 100 mg,N03AB02,desabastecido,2026-04-30,activo
FENTANILO CITRATO SOLUCIÓN INYECTABLE 0.025 mg/ml y 0.05 mg/ml,N01AH01,monitorizacion,2026-04-24,activo
FIBRINOGENO HUMANO SOLUCIÓN INYECTABLE 1 mg/ml,B02BB01,monitorizacion,2026-04-30,activo
FITOMENADIONA ( VITAMINA K) SOLUCION INYECTABLE 1 mg/ml y 10 mg/ml,B02BA01,monitorizacion,2025-12-19,activo
FLUCONAZOL CAPSULA 200 mg,J02AC01,monitorizacion,2025-12-19,activo
FLUCONAZOL CÁPSULA DURA Y TABLETA 150 mg,J02AC01,monitorizacion,2025-12-19,activo
FLUCONAZOL + SECNIDAZOL 1000 mg + 75 mg TABLETA,J02AC01,monitorizacion,2025-12-16,activo
"FLUMAZENIL SOLUCIÓN INYECTABLE 0,5 mg/5 mL, 1 mg/5 mL y 1 mg/10 mL",V03AB25,monitorizacion,2025-07-31,activo
FLUOXETINA SOLUCION ORAL 400 mg / vial,N06AB03,monitorizacion,2026-04-30,activo
FOLINATO DE CALCIO POLVO LIOFILIZADO PARA RECONSTITUIR A SOLUCION INYECTABLE Y SOLUCIÓN INYECTABLE 50 mg/vial y 350 mg /vial,V03AF03,monitorizacion,2025-10-03,activo
FRACCIÓN FLAVÓNICA PURIFICADA MICRONIZADA (DIOSMINA 90% + HESPERIDINA 10%) TABLETA 500 mg,C05CA53,monitorizacion,2026-03-31,activo
FLUDROCORTISONA TABLETA 0.1 mg,H02AA02,monitorizacion,2025-12-17,activo
FUROSEMIDA SOLUCION INYECTABLE 20 mg/2 ml,C03CA01,monitorizacion,2026-02-27,activo
GABAPENTINA CÁPSULA DURA 300 mg y 400 mg,N03AX12,monitorizacion,2026-05-29,activo
GATIFLOXACINO + DEXAMETASONA SOLUCIÓN OFTÁLMICA (3 mg + 1 mg) / 1 mL,S01CA02,monitorizacion,2026-01-23,activo
GEFITINIB TABLETA 250 mg,L01EB01,monitorizacion,2026-02-27,activo
GIVOSIRAN SODICO SOLUCIÓN INYECTABLE 189 mg/ml,A16AX18,monitorizacion,2026-02-24,activo
GLIMEPIRIDA TABLETA 2 mg y 4 mg,A10BB12,monitorizacion,2026-04-30,activo
GLUCOSAMINA + CONDROITINA POLVO PARA RECONSTITUIR A SOLUCION ORAL (1500 mg + 1200 mg) / vial,M01AX25,monitorizacion,2026-04-30,activo
GONADOTROPINA CORIÓNICA HUMANA POLVO LIOFILIZADO PARA RECONSTITUIR A SOLUCIÓN INYECTABLE 5.000 UI / 3 ml,G03GA01,monitorizacion,2025-10-24,activo
HALOPERIDOL SOLUCIÓN INYECTABLE 5 mg/ ml,N05AD01,monitorizacion,2026-04-24,activo
HALOPERIDOL SOLUCION ORAL 2 mg/ml,N05AD01,monitorizacion,2026-04-21,activo
HALOPERIDOL TABLETA 5 mg y 10 mg,N05AD01,monitorizacion,2026-04-23,activo
HEPATITIS B ANTIGENO PURIFICADO SUSPENSION INYECTABLE 20 mcg / vial,J07BC01,monitorizacion,2025-07-31,activo
HIDRALAZINA SOLUCIÓN INYECTABLE 20 mg/ml,C02DB02,monitorizacion,2025-09-26,activo
"HIDROCORTISONA TABLETA 5 mg, 10mg y 20 mg",H02AB09,monitorizacion,2026-05-29,activo
HIDROCLOROTIAZIDA TABLETA 25 mg,N02AA03,monitorizacion,2026-02-27,activo
HIDROXICINA CLORHIDRATO SOLUCION INYECTABLE 100 mg/ 2 ml,R06AD01,monitorizacion,2026-03-31,activo
HIDROXICINA CLORHIDRATO SOLUCION ORAL 2.5 mg / ml y 10 mg / ml,R06AD01,monitorizacion,2026-02-28,activo
HIDROXICINA CLORHIDRATO TABLETA 25 mg,R06AD01,monitorizacion,2026-02-27,activo
HIDROXICLOROQUINA TABLETA 200 mg Y 400 mg,P01BA02,monitorizacion,2026-05-29,activo
"HIDROXIPROPILMETILCELULOSA SOLUCIÓN OFTÁLMICA 2,5 mg/ml y 3 mg/ml (2,5% Y 3%)",S01XA20,monitorizacion,2025-11-28,activo
"HIDROXIPROPILMETILCELULOSA + DEXTRAN 70 SOLUCIÓN OFTÁLMICA (3 mg + 1 mg) / mL (0,3%+0,1%)",S01XA20,monitorizacion,2025-10-01,activo
HIDROXIUREA (HIDROXICARBAMIDA) CÁPSULA DURA 500 mg y 1000 mg,L01XX05,monitorizacion,2026-04-30,activo
IFOSFAMIDA POLVO LIOFILIZADO PARA RECONSTITUIR A SOLUCIÓN INYECTABLE 1g / vial y 2g / vial,L01AA06,riesgo,2026-05-29,activo
IMATINIB TABLETA 100 mg y 400 mg,L01XE01,monitorizacion,2025-09-18,activo
INDOMETACINA CÁPSULA BLANDA Y TABLETA 25 mg,M01AB01,monitorizacion,2025-08-29,activo
INMUNOGLOBULINA ANTID - RH POLVO LIOFILIZADO PARA RECONSTITUIR A SOLUCIÓN INYECTABLE 300 mcg,J06BB01,monitorizacion,2025-11-28,activo
"INMUNOGLOBULINA HUMANA NORMAL SOLUCIÓN INYECTABLE 100 mg/ml, 160 mg/ml, 165 mg/ml y 200 mg/ml",J06BA01,monitorizacion,2025-08-08,activo
INMUNOGLOBULINA HUMANA NORMAL SOLUCIÓN INYECTABLE 5% (50 mg/ml = 5 g/ 100 ml),J06BA02,monitorizacion,2025-09-22,activo
INDOMETACINA CAPSULA BLANDA 25 mg,M01AB01,monitorizacion,2025-09-15,activo
INSULINA HUMANA ISOFANA (NPH) SUSPENSIÓN INYECTABLE 100 UI/ml,A10AE01,monitorizacion,2025-09-30,activo
INSULINA HUMANA REGULAR (RAPIDA) SOLUCIÓN INYECTABLE 100 UI/ml,A10AE01,monitorizacion,2026-04-30,activo
INSULINA DEGLUDEC SOLUCIÓN INYECTABLE 100 UI/ml,A10AE06,monitorizacion,2025-07-24,activo
INSULINA LISPRO SOLUCIÓN INYECTABLE 100UI/ml,A10AD04,monitorizacion,2026-03-27,activo
INTERFERÓN HUMANO RECOMBINANTE GAMMA-1-B SOLUCIÓN INYECTABLE Equivalente a 2.000.000 U.I.,L03AB03,monitorizacion,2024-07-31,activo
"IOVERSOL SOLUCIÓN INYECTABLE 300 mg/ml, 320 mg/ml y 350 mg/ml",V08AB07,desabastecido,2026-04-30,activo
"ISOPROTERENOL SOLUCIÓN INYECTABLE 0,2 mg/ml",C01CA31,monitorizacion,2025-12-18,activo
ISOTRETINOINA CAPSULA BLANDA 10 mg y 20 mg,D10BA01,monitorizacion,2025-09-30,activo
"L/R- ASPARAGINASA (Aislada De E Coli, Erwinia Carotovora o Erwinia Chrysanthemi) POLVO LIOFILIZADO PARA RECONSTITUIR A SOLUCIÓN INYECTABLE 10.000 UI / Vial (10 mL)",L01XX02,monitorizacion,2026-05-29,activo
L/R - ASPARAGINASA PEGILADA / PEGASPARGASA SOLUCION INYECTABLE 750 UI / ml,L01XX24,monitorizacion,2026-05-29,activo
LACOSAMIDA SOLUCION ORAL 10 mg / ml,N03AX18,monitorizacion,2026-04-24,activo
LACOSAMIDA SOLUCION INYECTABLE 200 mg / 20 ml,N03AX18,monitorizacion,2026-02-24,activo
LAMIVUDINA SOLUCIÓN ORAL 10 mg/ml,C01CA31,monitorizacion,2026-04-30,activo
LAMIVUDINA TABLETA 150 mg,J05AF05,monitorizacion,2026-02-26,activo
LAMIVUDINA + ABACAVIR TABLETA 300 mg + 600 mg,J05AR04,monitorizacion,2026-04-30,activo
LAMIVUDINA + ABACAVIR + DOLUTEGRAVIR TABLETA 300 mg + 600 mg + 50 mg,J05AR13,monitorizacion,2026-05-29,activo
LAMIVUDINA + ZIDOVUDINA TABLETA 150 mg + 300 mg,J05AR01,monitorizacion,2026-02-27,activo
LAMIVUDINA+TENOFOVIR+ EFAVIRENZ TABLETA 300 mg + 300 mg + 600 mg,J05AR11,monitorizacion,2026-04-30,activo
LAMIVUDINA+TENOFOVIR+ EFAVIRENZ TABLETA 300 mg + 300 mg + 400 mg,J05AR11,desabastecido,2026-04-30,activo
"LAMOTRIGINA TABLETA y TABLETA DISPERSABLE 5 mg , 25 mg, 50 mg, 100 mg y 200 mg",N03AX09,monitorizacion,2026-04-30,activo
LEFLUNOMIDA CAPSULA BLANDA 20 mg y 100 mg,L04AA13,monitorizacion,2025-09-29,activo
LEFLUNOMIDA TABLETA 20 mg,L04AA13,monitorizacion,2025-10-01,activo
LETROZOL TABLETA 2.5 mg,L02BG04,monitorizacion,2025-09-22,activo
LEVETIRACETAM SOLUCIÓN INYECTABLE/INFUSIÓN 100 mg/ml y 500 mg/ 5 ml,N03AX14,monitorizacion,2026-04-30,activo
LEVETIRACETAM SOLUCIÓN ORAL 100 mg/ml,N03AX14,monitorizacion,2026-04-30,activo
LEVETIRACETAM TABLETA 500 mg y 1000 mg,N03AX14,monitorizacion,2026-04-30,activo
LEVOFLOXACINA SOLUCIÓN INYECTABLE 500 mg/100 ml,J01MA12,riesgo,2026-03-09,activo
LEVOMEPROMAZINA SOLUCIÓN ORAL 4%,N05AA02,monitorizacion,2026-03-24,activo
LEVOMEPROMAZINA TABLETA 25 mg y 100 mg,N05AA02,monitorizacion,2026-03-24,activo
LEVOSULPIRIDA TABLETA,N05AL07,monitorizacion,2026-05-29,activo
LEVOSULPIRIDA + PANCREATINA + SIMETICONA CÁPSULA DURA,A03FA01,monitorizacion,2026-05-29,activo
LEVOTIROXINA SODICA CÁPSULA DURA Y TABLETA 25 mcg,H03AA01,monitorizacion,2026-04-30,activo
LEVOTIROXINA SODICA CÁPSULA DURA Y TABLETA 50 mcg,H03AA01,monitorizacion,2026-04-30,activo
LEVOTIROXINA SÓDICA CÁPSULA DURA Y TABLETA 75 mcg,H03AA01,monitorizacion,2026-04-30,activo
LEVOTIROXINA SODICA CÁPSULA DURA Y TABLETA 88 mcg,H03AA01,monitorizacion,2026-04-30,activo
LEVOTIROXINA SODICA CÁPSULA DURA Y TABLETA 100 mcg,H03AA01,monitorizacion,2026-04-30,activo
LEVOTIROXINA SODICA CÁPSULA DURA Y TABLETA 112 mcg,H03AA01,monitorizacion,2026-04-30,activo
LEVOTIROXINA SODICA CÁPSULA DURA Y TABLETA 125 mcg,H03AA01,monitorizacion,2026-04-30,activo
LEVOTIROXINA CÁPSULA DURA Y TABLETA 150 mcg,H03AA01,monitorizacion,2026-04-30,activo
LEVOTIROXINA SODICA CÁPSULA DURA Y TABLETA 175 mcg,H03AA01,monitorizacion,2026-04-30,activo
LEVOTIROXINA SÓDICA CÁPSULA DURA Y TABLETA 200 mcg,H03AA01,monitorizacion,2026-04-30,activo
LIDOCAÍNA PARCHE 700 mg,N01BB02,monitorizacion,2025-05-30,activo
"LIDOCAÍNA SOLUCIÓN INYECTABLE 1% y 2% (por 10 ml, 20 ml y 50 ml)",N01BB02,monitorizacion,2024-08-29,activo
"LIDOCAÍNA+EPINEFRINA 2% SOLUCIÓN INYECTABLE (200 mg + 50 mg) / 10 ml, (20 mg + 5 mg / ml, (20 mg + 0,0125 mg) / ml, (20 mg + 0,02 mg) / ml, (20mg + 0,01 mg)/ ml",N01BB52,monitorizacion,2024-03-22,activo
LINAGLIPTINA + METFORMINA TABLETA 2.5 mg + 850 mg y 2.5 mg + 1000 mg,A10BD11,monitorizacion,2025-07-31,activo
LINEZOLID SOLUCION INYECTABLE 2 mg/ml,J01XX08,monitorizacion,2026-05-29,activo
"LISDEXANFETAMINA DIMESILATO CÁPSULA DURA 30 mg, 50 mg y 70 mg",N06BA12,monitorizacion,2026-03-31,activo
LOPINAVIR + RITONAVIR CÁPSULA DURA Y TABLETA 200 mg + 50 mg y 100 mg + 25 mg,J05AR10,monitorizacion,2025-07-31,activo
"LORATADINA JARABE / SOLUCIÓN ORAL 1 mg/mL (0,1%)",R06AX13,monitorizacion,2025-07-31,activo
LOSARTAN TABLETA 50 mg,C09CA01,monitorizacion,2026-04-30,activo
LOSARTAN TABLETA 100 mg,C09CA01,monitorizacion,2026-04-30,activo
MARAVIROC TABLETA 300 mg,J05AX09,monitorizacion,2025-07-31,activo
MEDROXIPROGESTERONA + CIPIONATO DE ESTRADIOL SOLUCIÓN INYECTABLE 50 mg/ml + 10 mg/ml,G03AA17,monitorizacion,2025-07-31,activo
MEGLUMINA ANTIMONIATO SOLUCION INYECTABLE 1.5 g / 5 ml,P01CB01,monitorizacion,2025-10-31,activo
MELATONINA TABLETA DE LIBERACION PROLONGADA 2 mg,N05CH01,monitorizacion,2025-08-29,activo
MEMANTINA CLORHIDRATO TABLETA 20 mg,N06DX01,monitorizacion,2025-07-25,activo
METADONA TABLETA 10 mg y 40 mg,N02AA05,monitorizacion,2026-03-31,activo
METILDOPA TABLETA 250 mg,C02AB01,monitorizacion,2025-12-04,activo
"METILERGOMETRINA SOLUCIÓN INYECTABLE 0,2 mg / 1 ml (Vial) METILERGOMETRINA TABLETA 0,2 mg",G02AB01,desabastecido,2026-04-30,activo
METILFENIDATO CLORHIDRATO TABLETA DE LIBERACION PROLONGADA 8 mg y 16 mg,N06BA04,monitorizacion,2026-04-30,activo
METILFENIDATO CLORHIDRATO TABLETA 10 mg,N06BA04,monitorizacion,2026-04-30,activo
"METFORMINA TABLETA 500 mg, 850 mg y 1000 mg",A10BA02,monitorizacion,2026-03-01,activo
"METFORMINA TABLETA DE LIBERACION PROLONGADA 500 mg, 750 mg y 1000 mg",A10BA02,monitorizacion,2026-03-01,activo
METILPREDNISOLONA POLVO LIOFILIZADO PARA RECONSTITUIR A SOLUCION INYECTABLE 500 mg / vial por 4 ml u 8 ml,H02AB04,monitorizacion,2025-09-18,activo
METOCARBAMOL TABLETA 750 mg,M03BA03,monitorizacion,2025-07-31,activo
"METOPROLOL SUCCINATO TABLETAS DE LIBERACIÓN PROLONGADA 25 mg, 50 mg, 100 mg y 200 mg",C07AB02,monitorizacion,2025-07-31,activo
METOPROLOL TARTRATO TABLETA 50 mg y 100 mg,C07AB02,monitorizacion,2025-07-30,activo
METRONIDAZOL SUSPENSIÓN ORAL 125 mg/ 5 ml y 250 mg/ 5 mg,P01AB01,monitorizacion,2025-07-31,activo
"METOTREXATO / METOTREXATE TABLETA 2,5 mg",L01BA01,monitorizacion,2026-03-26,activo
METOTREXATO / METOTREXATE SOLUCIÓN INYECTABLE 25 mg/ 1 ml = 50 mg/ 2 ml 100 mg / ml = 500 mg/ 5 ml 1000 mg / 10 ml = 100 mg / 1 ml,L01BA01,monitorizacion,2026-03-26,activo
MICOFENOLATO EQUIVALENTE A ACIDO MICOFENÓLICO TABLETA 180 mg,L04AA06,monitorizacion,2025-05-30,activo
MICOFENOLATO DE MOFETILO EQUIVALENTE A ACIDO MICOFENÓLICO TABLETA 500 mg,L04AA06,monitorizacion,2026-01-21,activo
MICOFENOLATO DE MOFETILO EQUIVALENTE A ACIDO MICOFENÓLICO CAPSULA DURA 250 mg,L04AA06,monitorizacion,2026-01-20,activo
MICOFENOLATO SÓDICO EQUIVALENTE A ACIDO MICOFENÓLICO TABLETA 360 mg,L04AA06,monitorizacion,2026-01-30,activo
MICOFENOLATO DE MOFETILO EQUIVALENTE A ACIDO MICOFENÓLICO SUSPENSION ORAL 200 mg / ml,L04AA06,monitorizacion,2026-01-30,activo
MIDAZOLAM SOLUCIÓN INYECTABLE 5 mg/ml,N05CD08,monitorizacion,2025-05-30,activo
MIDAZOLAM SOLUCIÓN INYECTABLE 1 mg /ml,N05CD08,monitorizacion,2025-05-30,activo
MINOXIDIL TABLETA 10 mg,C02DC01,monitorizacion,2025-07-25,activo
MIRTAZAPINA TABLETA 15 mg y 30 mg,N06AX11,monitorizacion,2026-05-29,activo
MISOPROSTOL TABLETA VAGINAL 50 mcg y 200 mcg,G02AD06,monitorizacion,2025-07-30,activo
MITOMICINA C POLVO LIOFILIZADO PARA RECONSTITUIR A SOLUCIÓN INYECTABLE 20 mg,L01DC03,monitorizacion,2026-03-31,activo
MONTELUKAST CÁPSULA BLANDA 10 mg,R03DC03,monitorizacion,2026-03-31,activo
"MONTELUKAST TABLETA 4 mg, 5 mg y 10 mg",R03DC03,monitorizacion,2026-02-27,activo
MORFINA CLORHIDRATO SOLUCION INYECTABLE 10 mg/ml (1%),N02AA01,monitorizacion,2026-04-24,activo
MOXIFLOXACINA CLORHIDRATO SOLUCIÓN OFTÁLMICA 5 mg/ml,S01AE07,monitorizacion,2026-01-30,activo
MOXIFLOXACINA + DEXAMETASONA SOLUCIÓN OFTÁLMICA (5 mg + 1 mg)/ml (0.5% + 0.1%),S01CA01,monitorizacion,2024-07-31,activo
N-ACETILCISTEINA SOLUCIÓN INYECTABLE 300 mg/ 3 ml,V03AB23,monitorizacion,2026-02-27,activo
NAFAZOLINA CLORHIDRATO SOLUCION OFTALMICA 1 mg / envase,S01GA01,monitorizacion,2026-01-30,activo
NAPROXENO TABLETA 250 mg y 500 mg,M01AE02,monitorizacion,2024-12-23,activo
"NEOMICINA SULFATO EQUIVALENTE A NEOMICINA BASE 3.50000 mg + POLIMIXINA B SULFATO (0,82 MG) EQUIVALENTE A POLIMIXINA B 6600.00000 UI + DEXAMETASONA SODIO FOSFATO (1,3158 MG) EQUIVALENTE A DEXAMETASONA BASE 1.00000 mg SOLUCIÓN OFLTALMICA",S01CA01,monitorizacion,2026-01-30,activo
NEOMICINA 0.35000 g + DEXAMETASONA BASE 0.10000 g + POLIMIXINA B SULFATO 600000.00000 UI UNGUENTO OFTALMICO,S01CA01,monitorizacion,2026-01-30,activo
"NIFEDIPINO CÁPSULA BLANDA, CÁPSULA DURA Y TABLETA 5 mg, 10 mg, 20 mg",C08CA05,desabastecido,2026-04-30,activo
NIFEDIPINO CÁPSULA DE LIBERACIÓN PROLONGADA 30 mg,C08CA05,monitorizacion,2026-05-29,activo
NIFEDIPINO TABLETA DE LIBERACIÓN PROLONGADA 30 mg y 60 mg,C08CA05,monitorizacion,2026-05-29,activo
"NITROGLICERINA SOLUCIÓN INYECTABLE 0.1, 0.2, 0.4 y 0.8 mg / mL",C01DA02,monitorizacion,2025-08-29,activo
NORADRENALINA / NOREPINEFRINA SOLUCIÓN INYECTABLE 4 mg/ 4 mL,C01CA03,monitorizacion,2026-01-23,activo
MULTIVITAMINAS PARENTERALES,B05BA10,monitorizacion,2025-11-14,activo
"NUTRICIONES PARENTERALES (COMBINACIONES) EMULSIÓN, POLVO LIOFILIZADO PARA RECONSTITUIR A SOLUCIÓN INYECTABLE Y SOLUCIÓN INYECTABLE",B05BA10,monitorizacion,2025-11-22,activo
OLANZAPINA TABLETA 5 mg,N05AH03,monitorizacion,2026-04-30,activo
OLANZAPINA TABLETA 10 mg,N05AH03,monitorizacion,2026-04-30,activo
OLANZAPINA POLVO LIOFILIZADO PARA RECONSTITUIR A SOLUCIÓN INYECTABLE 10 mg / 5 ml,N05AH03,desabastecido,2026-04-30,activo
OLMESARTAN MEDOXOMILO + AMLODIPINO TABLETA 10 mg + 40 mg; 20 mg + 10 mg; 40 mg + 5 mg,C09DB02,monitorizacion,2025-04-30,activo
OLOPATADINA SOLUCIÓN OFTÁLMICA 12mg/6mL - 6mg/3mL - 35mg/5mL,S01GX09,monitorizacion,2026-01-30,activo
OMALIZUMAB SOLUCION INYECTABLE 75 mg/ml y 150 mg/ml,R03DX05,monitorizacion,2025-03-31,activo
OMEGA-3-TRIGLICERIDOS TABLETA 1000 mg y 1200 mg,C10AX06,monitorizacion,2025-06-30,activo
"OMEPRAZOL CAPSULA DURA 10 mg , 20 mg y 40 mg",A02BC01,monitorizacion,2025-04-02,activo
ONDANSETRON SOLUCIÓN INYECTABLE 2 mg/ml,A04AA01,monitorizacion,2026-03-31,activo
OSILODROSTAT TABLETA 1 mg y 5 mg,H02CA02,monitorizacion,2024-10-31,activo
OXCARBAZEPINA TABLETA 300 mg y 600 mg,N03AF02,monitorizacion,2026-05-29,activo
OXIBUTININA CLORURO TABLETA 5 mg,G04BD04,monitorizacion,2025-05-30,activo
OXICODONA TABLETA DE LIBERACIÓN PROLONGADA 10 mg,N02AA05,monitorizacion,2025-08-29,activo
OXICODONA SOLUCIÓN INYECTABLE 10 mg/mL,N02AA05,monitorizacion,2024-07-31,activo
ÓXIDO NITRICO GAS 0.08000 %V/V,R07AX01,monitorizacion,2025-07-31,activo
OXITOCINA SOLUCIÓN INYECTABLE 10 UI/ml,H01BB02,monitorizacion,2026-04-30,activo
PAMOATO DE PIRANTEL SUSPENSIÓN ORAL 250 mg/ 5 ml,P02CC01,monitorizacion,2026-04-30,activo
PANCREATINA AMILASA + LIPASA + PROTEASAS TOTALES CÁPSULA DURA 18000 UI + 25000 UI + 1000 UI 8000 UI + 10000 UI + 600 UI,A09AA02,monitorizacion,2024-05-28,activo
PARACETAMOL / ACETAMINOFEN SOLUCIÓN ORAL 3 g/vial y 3.2 g/vial,N02BE01,monitorizacion,2026-05-29,activo
PARACETAMOL / ACETAMINOFEN SOLUCIÓN INYECTABLE PARA INFUSION 1 g / 100 ml,N02BE01,monitorizacion,2026-04-30,activo
PARACETAMOL / ACETAMINOFÉN TABLETA 100 mg y 500 mg,N02BE01,monitorizacion,2025-02-28,activo
"PEMETREXED POLVO LIOFILIZADO PARA RECONSTITUIR A SOLUCION INYECTABLE 100 mg/vial, 500 mg/vial y 713 mg/vial",L01BA04,monitorizacion,2025-09-23,activo
PENICILINA V POTÁSICA EQUIVALENTE A PENICILINA V (FENOXIMETILPENICILINA POTÁSICA EQUIVALENTES A FENOXIMETILPENICILINA) POLVO PARA RECONSTITUIR A SOLUCIÓN ORAL 500 mg/ 100 ml,J01CE02,monitorizacion,2026-03-26,activo
PENICILINA V POTÁSICA EQUIVALENTE A PENICILINA V (FENOXIMETILPENICILINA POTÁSICA EQUIVALENTES A FENOXIMETILPENICILINA) TABLETA 500 mg,J01CE02,monitorizacion,2026-03-26,activo
PENICILINA G BENZATINICA POLVO ESTERIL PARA RECONSTITUIR A SUSPENSION INYECTABLE 1.2 y 2.4 millones de UI / vial,J01CE08,monitorizacion,2025-08-29,activo
"PIPERACILINA + TAZOBACTAM POLVO ESTERIL PARA RECONSTITUIR A SOLUCION INYECTABLE (4 g + 0,5 g)/ vial",J01CR05,monitorizacion,2025-10-31,activo
PIPOTIAZINA SOLUCIÓN INYECTABLE 25 mg/ml,N05AC04,monitorizacion,2026-04-20,activo
PIRIMETAMINA + SULFADOXIMA TABLETA 25 mg + 500 mg,P05BD51,monitorizacion,2025-08-29,activo
PIRITINOL TABLETA 200 mg y 600 mg,N06BX02,monitorizacion,2026-04-24,activo
POLIDOCANOL SOLUCION INYECTABLE 1%,C05BB02,riesgo,2026-05-29,activo
POLIDOCANOL SOLUCION INYECTABLE 3%,C05BB02,monitorizacion,2026-05-29,activo
"POLIESTIRENO SULFONATO CÁLCICO POLVO PARA RECONSTITUIR A SUSPENSION ORAL 99,75 g / 100 g",V03AE01,monitorizacion,2026-02-27,activo
"POLIETILENGLICOL + PROPILENGLICOL SOLUCION OFTALMICA 0,4% + 0,3% (0,4 g + 0,3 g / 100 mL)",S01XA20,monitorizacion,2025-11-28,activo
PREDNISOLONA SUSPENSIÓN OFTÁLMICA 1.2 mg/ml (0.12%),S01BA04,monitorizacion,2024-07-31,activo
PREGABALINA SOLUCIÓN ORAL 2 g / vial,N03AX16,riesgo,2026-04-30,activo
"PREGABALINA CÁPSULA DURA Y TABLETA DE LIBERACIÓN PROLONGADA 25 mg, 50 mg, 75 mg, 150 mg y 300 mg",N03AX16,monitorizacion,2026-04-30,activo
PROGESTERONA CÁPSULA BLANDA 100 mg y 200 mg,G03DA04,monitorizacion,2025-02-28,activo
PROPOFOL EMULSIÓN INYECTABLE 10 mg/ml (1%),N01AX10,monitorizacion,2026-04-30,activo
PROPRANOLOL TABLETA 40 mg,C07AA05,monitorizacion,2025-02-28,activo
"QUETIAPINA TABLETA 25 mg, 100 mg, 200 mg y 300 mg",N05AH04,monitorizacion,2026-03-20,activo
"QUETIAPINA TABLETA DE LIBERACIÓN PROLONGADA 50 mg, 150 mg, 200 mg y 300 mg",N05AH04,monitorizacion,2026-04-28,activo
QUETIAPINA TABLETA DE LIBERACIÓN PROLONGADA 400 mg,N05AH04,desabastecido,2026-04-30,activo
RALTEGRAVIR TABLETA MASTICABLE 25 mg y 100 mg TABLETA 400 mg y 600 mg,J05AX08,monitorizacion,2026-04-30,activo
RAMIPRIL CAPSULA DURA 5 mg,C09AA05,monitorizacion,2025-09-30,activo
REMIFENTANILO POLVO PARA RECONSTITUIR A SOLUCIÓN INYECTABLE 2 mg/ml,N01AH06,monitorizacion,2026-05-29,activo
"RISPERIDONA TABLETA 1 mg, 2 mg y 3 mg",N05AX08,monitorizacion,2026-04-30,activo
RISPERIDONA SOLUCION ORAL 1 mg/ mL,N05AX08,monitorizacion,2026-04-30,activo
RITONAVIR TABLETA 100 mg,J05AE03,monitorizacion,2026-04-30,activo
"RIVAROXABAN TABLETA 2.5 mg, 10 mg, 15 mg y 20 mg",B01AF01,monitorizacion,2025-09-30,activo
"RIVASTIGMINA PARCHE TRANSDÉRMICO CON UNA LIBERACION NOMINAL DE 4,6 mg /24 horas, 9,5 mg / 24 horas y 13,3 mg / 24 horas",N06DA03,monitorizacion,2025-06-30,activo
ROCURONIO BROMURO SOLUCION INYECTABLE 10 mg/ml y 10 mg/10 ml,M03AC09,monitorizacion,2026-04-30,activo
ROSUVASTATINA + FENOFIBRATO CÁPSULA DURA 10 mg +135 mg,C10BA06,monitorizacion,2026-01-30,activo
SALBUTAMOL SOLUCIÓN PARA NEBULIZACIÓN 0.24 %,R03CC02,monitorizacion,2025-03-31,activo
"SALBUTAMOL POLVO PARA INHALACIÓN SUSPENSIÓN PARA INHALACIÓN 50 mcg, 100 mcg, 200 mcg, 400 mcg y 500 mcg",R03CC02,monitorizacion,2025-05-30,activo
SALBUTAMOL JARABE 40 mg / envase,R03CC02,monitorizacion,2025-03-31,activo
SALES DE REHIDRATACIÓN (CLORURO DE SODIO + CLORURO DE POTASIO + CITRATO TRISÓDICO DIHIDRATO + DEXTROSA ANHIDRA POLVO PARA RECONSTITUIR A SOLUCION ORAL (2.6 g + 2.9 g + 1.5 g + 13.5 g),A07CA99,monitorizacion,2026-03-26,activo
"SERTRALINA TABLETA 25 mg, 50 mg y 100 mg",N06AB06,monitorizacion,2026-01-27,activo
SILIMARINA TABLETA 150 mg,A05BA03,monitorizacion,2025-10-01,activo
SITAGLIPTINA + METFORMINA TABLETA 50 mg + 850 mg; 50 mg + 1000 mg; 100 mg + 1000 mg,A10BD07,monitorizacion,2025-10-02,activo
"SOMATROPINA SOLUCION INYECTABLE 20 mg/2,5 ml (8 mg/ml)",H01AC01,monitorizacion,2026-03-27,activo
"SOMATROPINA SOLUCION INYECTABLE 6 mg/1,03 ml (5,83 mg/ml)",H01AC01,monitorizacion,2026-03-27,activo
SUERO ANTIOFÍDICO POLIVALENTE (INMUNOGLOBULINAS ESPECIFICAS NEUTRALIZANTES DEL VENENO DEL GENERO CROTALUS (MINIMO) + INMUNOGLOBULINAS ESPECIFICAS NEUTRALIZANTES DEL VENENO DEL GENERO BOTHROPS) SOLUCIÓN INYECTABLE (100 mg + 700 mg) / 100 mL,J06AA03,monitorizacion,2026-05-29,activo
"SULFATO DE BARIO POLVO PARA RECONSTRUIR A SUSPENSIÓN ORAL 8(8.62720 g + 9.82580 g, 96.30960 g + 4.92240 g) / vial",V08BA01,monitorizacion,2026-03-31,activo
SULFATO DE ZINC SOLUCIÓN ORAL 10 mg / envase,A12CB01,monitorizacion,2026-04-30,activo
SULTAMICILINA TABLETA 375 mg,J01CR04,monitorizacion,2025-03-31,activo
SULTAMICILINA POLVO PARA RECONSTITUIR A SUSPENSION ORAL 5 g / vial,J01CR04,monitorizacion,2025-03-31,activo
SULTAMICILINA TABLETA 750 mg,J01CR04,monitorizacion,2025-04-01,activo
SUMATRIPTÁN + NAPROXENO TABLETA 85 mg + 500 mg,N02CC01,monitorizacion,2026-02-27,activo
SUCCINILCOLINA CLORURO SOLUCION INYECTABLE 100 mg/vial,M03AB01,monitorizacion,2025-07-31,activo
TACROLIMUS CAPSULA DURA 1 mg y 5 mg,L04AD02,monitorizacion,2025-12-16,activo
"TACROLIMUS CAPSULA DE LIBERACION PROLONGADA 0,5 mg, 1 mg, 3 mg y 5 mg",L04AD02,monitorizacion,2025-12-16,activo
"TACROLIMUS UNGUENTO TOPICO 0,03% y 0,1%",D11AH01,monitorizacion,2025-10-30,activo
"TADALAFILO TABLETA 5 mg, 10 mg y 20 mg",G04BE08,monitorizacion,2026-05-29,activo
TALIDOMIDA TABLETA 100 mg,L04AX02,monitorizacion,2026-02-27,activo
"TEMOZOLOMIDA CÁPSULA DURA 20 mg, 100 mg, 140 mg y 250 mg",L01AX03,monitorizacion,2026-05-29,activo
TERLIPRESINA SOLUCION INYECTABLE 1 mg / 5 ml,H01BA04,monitorizacion,2025-08-29,activo
TENOFOVIR DISOPROXIL FUMARATO TABLETA 300 mg,J05AF07,monitorizacion,2026-05-29,activo
TERBUTALINA SULFATO 10 mg SOLUCION PARA NEBULIZACION TERBUTALINA SULFATO 0.50 mg SOLUCION INYECTABLE TERBUTALINA SULFATO 2.5 mg TABLETA TERBUTALINA SULFATO 30 mg JARABE,R03AC03,monitorizacion,2025-05-30,activo
TERIFLUNOMIDA TABLETA 14 mg,L04AA31,monitorizacion,2025-11-14,activo
TERIPARATIDA SOLUCION INYECTABLE 250 mcg/ml JERINGA PRELLENA POR 0.08 ml,H05AA02,monitorizacion,2026-03-31,activo
TIMOLOL + TAVOPROST SOLUCIÓN OFTÁLMICA (5 mg + 0.04 mg) / envase,S01ED51,monitorizacion,2026-02-27,activo
TIMOLOL + BIMATOPROST + BIMONIDRINA TARTRATO SOLUCION OFTALMICA (1.50000 mg+ 6.83000 mg + 0.10000 mg)/ ml,S01ED51,monitorizacion,2025-05-30,activo
"TOBRAMICINA SOLUCION OFTALMICA 0,3 g / 100 mL (0,3%)",S01AA12,monitorizacion,2026-01-30,activo
"TIOSULFATO DE SODIO / HIPOSULFITO DE SODIO SOLUCIÓN INYECTABLE 40 mg / mL, 200 mg/ mL, 2,5 g / 10 mL y 5 g / 10 ml",V03AB06,monitorizacion,2025-08-29,activo
TOLTERIDONA CÁPSULA DE LIBERACIÓN PROLONGADA 4 mg,G04BD07,monitorizacion,2025-08-29,activo
TRAMADOL TABLETA 100 mg y 200 mg,N02AX02,monitorizacion,2026-05-29,activo
TRAZODONA TABLETA 100 mg,N06AX05,monitorizacion,2026-01-30,activo
"TRIAMCINOLONA SUSPENSION INYECTABLE 10 mg, 20 mg y 40 mg",H02AB08,desabastecido,2026-05-29,activo
TRIMEBUTINA POLVO PARA RECONSTITUIR A SUSPENSION ORAL (EQUIVALENTES A TRIMEBUTINA (200 mg/15 ml) 1.333 mg/ml,A03AA05,monitorizacion,2025-10-31,activo
TRIMEBUTINA BASE 4.32% POLVO PARA RECONSTITUIR A SUSPENSION ORAL 300 mg / ml,A03AA05,monitorizacion,2025-10-31,activo
VALGANCICLOVIR POLVO PARA RECONSTITUIR A SOLUCION ORAL 5 g/ 100 ml,J05AB14,monitorizacion,2026-01-26,activo
VALSARTAN CAPSULA DURA 80 mg y 160 mg,C09CA03,monitorizacion,2026-05-29,activo
"VALSARTAN + AMLODIPINO TABLETA 80 mg + 2.5 mg, 80 mg + 5 mg y 160 mg + 2.5 mg",C09DB01,monitorizacion,2026-04-30,activo
"VALSARTAN + AMLODIPINO TABLETA 160 mg + 5 mg, 160 mg + 10 mg, 320 mg + 5 mg y 320 mg + 10 mg",C09DB01,monitorizacion,2026-04-30,activo
VALSARTÁN + HIDROCLOROTIAZIDA TABLETA 80 mg + 12.5 mg,C09DA03,monitorizacion,2026-03-31,activo
VALSARTAN + HIDROCLOROTIAZIDA + AMLODIPINO TABLETA 160 mg + 12.5 mg + 10 mg; 320 mg + 25 mg + 10 mg; 160 mg + 12.5 mg + 5 mg,C09DX01,monitorizacion,2025-07-31,activo
VANCOMICINA POLVO ESTÈRIL PARA RECONSTITUIR A SOLUCIÓN INYECTABLE 1000 mg / vial,J01XA01,monitorizacion,2025-05-30,activo
VANCOMICINA CÁPSULA DURA 125 mg y 250 mg,J01XA01,monitorizacion,2025-05-30,activo
VASOPRESINA SOLUCION INYECTABLE 20 UI/ml,H01BA01,monitorizacion,2025-08-30,activo
VECURONIO BROMURO POLVO LIOFILIZADO PARA RECONSTITUIR A SOLUCIÓN INYECTABLE 4 mg/ml y 10 mg/ml,M03AC03,monitorizacion,2025-07-11,activo
"VENLAFAXINA TABLETA DE LIBERACION PROLONGADA 37.5 mg, 75 mg y 150 mg",N06AX16,monitorizacion,2026-05-29,activo
VIGABATRINA TABLETA 500 mg,N03AG04,monitorizacion,2026-01-31,activo
VITAMINA C (ACIDO ASCORBICO) TABLETA MASTICABLE 500 mg,A11GA01,monitorizacion,2025-12-10,activo
VILDAGLIPTINA TABLETA 50 mg,A10BH02,monitorizacion,2025-11-28,activo
VILDAGLIPTINA+METFORMINA CLORHIDRATO TABLETA 50 mg+ 850 mg,A10BD08,monitorizacion,2026-03-31,activo
WARFARINA TABLETA 5 mg,B01AA03,monitorizacion,2025-03-31,activo
ZIDOVUDINA SOLUCIÓN INYECTABLE 10mg/mL,J05AF01,monitorizacion,2026-04-20,activo
ZIDOVUDINA SOLUCIÓN ORAL 10 mg/ml,J05AF01,monitorizacion,2026-04-20,activo
ZOFENOPRIL CALCICO TABLETA 15 mg y 30 mg,C09AA15,monitorizacion,2025-11-28,activo
ACETAMINOFEN + CODEINA TABLETA 325 mg + 30 mg,N02AJ06,no_desabastecido,2026-04-30,cerrado
ACETAMINOFÉN + HIDROCODONA TABLETA 325 mg + 5 mg,N02BE71,no_desabastecido,2026-02-27,cerrado
"ACETAMINOFÉN + OXICODONA TABLETA 325 mg + 5 mg, 325 mg + 10 mg, 325 mg + 20 mg",N02AJ17,no_desabastecido,2024-03-22,cerrado
ACETATO DE MEGESTROL TABLETA 160 mg,L02AB01,no_desabastecido,2023-05-31,cerrado
ACETATO DE ALUMINIO LOCIÓN 0.05 g / 100 ml,D02AX99,no_desabastecido,2026-05-29,cerrado
ACICLOVIR UNGÜENTO OFTÁLMICO 3 g,J05AB01,no_desabastecido,2024-03-22,cerrado
"ACIDO POLIACRILICO GEL ESTÉRIL INTRAOCULAR / OFTÁLMICO 0,2% Y 0,25%",S01XA20,no_desabastecido,2026-02-26,cerrado
ÁCIDO TRANEXÁMICO SOLUCIÓN INYECTABLE 100 mg/ml,B02AA02,no_desabastecido,2026-02-26,cerrado
ACIDO TRANEXÁMICO TABLETA 500 mg,B02AA02,no_desabastecido,2025-05-30,cerrado
ACTIVADOR TISULAR DEL PLASMINÓGENO HUMANO ALTEPLASA T- PA) (10000u) POLVO PARA RECONSTITUIR A SOLUCIÓN INYECTABLE 50 mg / VIAL,B01AD02,no_desabastecido,2022-10-06,cerrado
ADRENALINA SOLUCIÓN INYECTABLE 1 mg/mL,C01CA24,no_desabastecido,2024-05-29,cerrado
"AFATINIB TABLETA 20 mg, 30 mg Y 40 mg",L01EB03,no_desabastecido,2023-04-12,cerrado
ANTIACIDOS CON BICARBONATO DE SODIO + ALGINATO DE SODIO + CARBONATO DE CALCIO SUSPENSION ORAL 2.13000 g | 5.00000 g | 3.25000 g - 2.67000 g | 1.60000 g | 5.00000 g,A02AH99,no_desabastecido,2026-02-27,cerrado
AGUA ESTÉRIL DE GRANDES VOLÚMENES 500 ml - 1000 ml - 3000 ml,V07AB,no_desabastecido,2024-02-24,cerrado
ALBENDAZOL SUSPENSIÓN ORAL 2 g/100mL Y 4 g/100mL,P02CA03,no_desabastecido,2024-05-29,cerrado
ALBENDAZOL TABLETA 200 mg Y 400 mg,P02CA03,no_desabastecido,2024-05-29,cerrado
ALIZAPRIDA SLN INYECTABLE 50mg/2ml,A03FA05,no_desabastecido,2026-02-27,cerrado
ALIZAPRIDA SLN ORAL EN GOTAS 1.2% 15ML,A03FA05,no_desabastecido,2026-02-27,cerrado
ALPRAZOLAM SOLUCIÓN ORAL (GOTAS) 0.75 mg/mL,N05BA12,no_desabastecido,2025-05-31,cerrado
ALPROSTADIL SOLUCIÓN INYECTABLE 500 mcg/ml,G04BE01,no_desabastecido,2024-04-25,cerrado
ALPROSTADIL SOLUCION INYECTABLE 0.5 mg,C01EA01,no_desabastecido,2025-03-31,cerrado
ALPROSTADIL SOLUCIÓN CONCENTRADA PARA INFUSIÓN 20 mcg / VIAL,C01EA01,no_desabastecido,2025-03-31,cerrado
ALPROSTADIL SOLUCION INYECTABLE 20 mcg / VIAL,C01EA01,no_desabastecido,2025-03-31,cerrado
ALPROSTADIL SOLUCION INYECTABLE 500 mcg / VIAL,C01EA01,no_desabastecido,2025-03-31,cerrado
AMBRISENTAN TABLETA 5mg Y 10mg,C02KX02,no_desabastecido,2025-02-28,cerrado
AMBROXOL SOLUCIÓN ORAL/JARABE 600mg/100ml (30mg/5ml) 300mg/100ml (15mg/5ml) 250mg/100ml,R05CB06,no_desabastecido,2025-02-28,cerrado
AMITRIPTILINA TABLETA 25 mg,N06AA09,no_desabastecido,2025-11-28,cerrado
AMLODIPINO TABLETA 5 mg Y 10 mg,C08CA01,no_desabastecido,2023-04-23,cerrado
AMLODIPINO + HIDROCLOROTIAZIDA TABLETA 5 mg + 12.5 mg,C08CA01,no_desabastecido,2023-04-23,cerrado
AMLODIPINO + INDAPAMIDA TABLETA 1.5 mg + 5 mg,C08CA01,no_desabastecido,2023-04-23,cerrado
AMOXICILINA CÁPSULA DURA Y TABLETA 500 mg,J01CA04,no_desabastecido,2025-08-29,cerrado
AMOXICILINA + CLAVULANATO SUSPENSIÓN ORAL 400mg + 57mg/5ml 600mg + 42.9mg/5ml,J01CR02,no_desabastecido,2024-03-22,cerrado
AMOXICILINA + CLAVULANATO TABLETA 500 mg + 125 mg - 875 mg + 125mg,J01CR02,no_desabastecido,2024-04-25,cerrado
ANASTROZOL TABLETA 1.0 mg,L02BG03,no_desabastecido,2025-11-28,cerrado
ANILLO VAGINAL CON PROGESTAGENO + ESTROGENO SISTEMA DE LIBERACION 2.7 mg + 11.7 mg,G02BB01,no_desabastecido,2025-03-31,cerrado
APALUTAMIDA TABLETA 240 mg,L02BB05,no_desabastecido,2025-03-31,cerrado
APALUTAMIDA TABLETA 60 mg,L02BB05,no_desabastecido,2025-03-31,cerrado
APIXABAN TABLETA 2.5 mg,B01AF02,no_desabastecido,2026-02-27,cerrado
APOMORFINA SOLUCIÓN INYECTABLE 10 mg/ml,N04BC07,no_desabastecido,2025-07-10,cerrado
APOMORFINA CLORHIDRATO HEMIHIDRATO 5 mg SOLUCION INYECTABLE,N04BC07,no_desabastecido,2026-02-26,cerrado
ATAZANAVIR + RITONAVIR TABLETA 300 mg + 100 mg,J05AR23,no_desabastecido,2025-05-30,cerrado
ATORVASTATINA CÁPSULA BLANDA 20 mg Y 40 mg,C10AA05,no_desabastecido,2025-06-25,cerrado
"ATORVASTATINA TABLETA 10 mg, 20 mg, 40 mg Y 80 mg",C10AA05,no_desabastecido,2025-05-30,cerrado
AZATIOPRINA TABLETAS 50mg,L04AX01,no_desabastecido,2026-02-27,cerrado
AZITROMICINA SOLUCIÓN OFTÁLMICA 15 mg / ml,S01AA26,no_desabastecido,2026-04-30,cerrado
AZUL DE METILENO SOLUCIÓN INYECTABLE 50 mg/5ml (10 mg/ml),V03AB17,no_desabastecido,2023-01-13,cerrado
BICALUTAMIDA TABLETA 50 mg Y 150 mg,L02BB03,no_desabastecido,2025-09-29,cerrado
BIPERIDENO TABLETA 2 mg,N04AA02,no_desabastecido,2024-06-28,cerrado
BISOPROLOL + AMLODIPINO TABLETA 5 mg + 10 mg Y 5 mg + 5 mg,C07FB07,no_desabastecido,2023-04-23,cerrado
"BISOPROLOL + HIDROCLOROTIAZIDA TABLETA 2.5 mg, 5 mg Y 10 mg",C07BB07,no_desabastecido,2023-04-23,cerrado
BLEOMICINA POLVO LIOFILIZADO PARA RECONSTITUIR A SOLUCIÓN INYECTABLE 15 UI / VIAL,L01DC01,no_desabastecido,2025-02-28,cerrado
"BORTEZOMIB POLVO LIOFILIZADO PARA RECONSTITUIR A SOLUCION INYECTABLE 3,5 mg / 10 ml (Vial)",L01XX32,no_desabastecido,2026-02-27,cerrado
BOSENTAN TABLETA 125 mg,C02KX01,no_desabastecido,2024-07-31,cerrado
BOSENTAN TABLETA 62.5 mg,C02KX01,no_desabastecido,2024-06-28,cerrado
BRIMONIDINA + TIMOLOL + DORZOLAMIDA SOLUCIÓN OFTÁLMICA 2 mg + 5 mg + 20 mg,S01ED51,no_desabastecido,2024-02-21,cerrado
BRIMONIDINA TARTRATO + TIMOLOL SOLUCIÓN OFTÁLMICA 2 mg + 5 mg / ml,S01ED51,no_desabastecido,2025-02-28,cerrado
BROMAZEPAM TABLETA 6 mg,N05BA08,no_desabastecido,2025-09-19,cerrado
BUSULFAN SOLUCION INYECTABLE 60mg,L01AB01,no_desabastecido,2026-05-29,cerrado
"CANDERSARTAN + HIDROCLOROTIAZIDA TABLETA 32 mg + 12,5 mg",C09DA06,no_desabastecido,2023-04-23,cerrado
CANDESARTAN + AMLODIPINO TABLETA 10 mg + 16 mg,C09DB05,no_desabastecido,2025-02-28,cerrado
CARBOXIMETILCELULOSA SODICA SOLUCION OFTALMICA,S01XA20,no_desabastecido,2026-02-27,cerrado
CAPECITABINA 500 mg TABLETA,L01BC06,no_desabastecido,2025-03-31,cerrado
CAPECITABINA TABLETA 500 mg,L01BC06,no_desabastecido,2025-03-31,cerrado
CAPTOPRIL TABLETA 25 mg Y 50 mg,C09AA01,no_desabastecido,2025-09-30,cerrado
CARBAMAZEPINA SUSPENSION ORAL 100 mg / 5 mL (2%),N03AF01,no_desabastecido,2025-09-18,cerrado
CARBAMAZEPINA TABLETA 200 mg,N03AF01,no_desabastecido,2025-09-18,cerrado
CARBÓN ACTIVADO SUSPENSIÓN ORAL 20%,A07BA01,no_desabastecido,2024-12-23,cerrado
CARBONATO DE CALCIO + VITAMINA D3 TABLETA 600 mg + 200 IU,A12AX01,no_desabastecido,2026-01-14,cerrado
"CARBOPLATINO SOLUCION INYECTABLE / SOLUCIÓN CONCENTRADA PARA INFUSIÓN 10 mg, 150 mg Y 450 mg",L01XA02,no_desabastecido,2025-03-31,cerrado
CEFALEXINA POLVO LIOFILIZADO PARA RECONSTITUIR A SUSPENSIÓN ORAL 250 mg/ 5 ml (50 mg/ml),J01DB01,no_desabastecido,2025-08-29,cerrado
CEFALEXINA CÁPSULA DURA 500 mg,J01DB01,no_desabastecido,2025-08-29,cerrado
CEFALEXINA TABLETA 500 mg,J01DB01,no_desabastecido,2025-08-29,cerrado
CEFALOTINA POLVO ESTÉRIL PARA RECONSTITUIR A SOLUCIÓN INYECTABLE 1 g,J01DB04,no_desabastecido,2023-07-21,cerrado
CEFAZOLINA POLVO ESTÉRIL PARA RECONSTITUIR A SOLUCIÓN INYECTABLE 1 g /VIAL,J01DB04,no_desabastecido,2023-04-20,cerrado
CEFRADINA SOLUCIÓN ORAL 250 mg / 5 ml,J01DB09,no_desabastecido,2023-07-06,cerrado
CEFTRIAXONA 1000 MG POLVO ESTERIL PARA RECONSTITUIR A SOLUCION INYECTABLE.,J01DD04,no_desabastecido,2026-05-29,cerrado
CEFUROXIMA SUSPENSIÓN ORAL 250 mg/ 5 ml (5%),J01DC02,no_desabastecido,2022-11-24,cerrado
CICLOBENZAPRINA CLORHIDRATO TABLETA RECUBIERTA 10 mg,M03BX08,no_desabastecido,2025-11-28,cerrado
CICLOFOSFAMIDA TABLETA 50 mg,L01AA01,no_desabastecido,2026-05-29,cerrado
CICLOSILICATO DE SODIO Y ZIRCONIO POLVO PARA RECONSTITUIR A SUSPENSIÓN ORAL 5 g y 10 g,V03AE10,no_desabastecido,2025-10-24,cerrado
CIPROFLOXACINA TABLETA 500 mg,J01MA02,no_desabastecido,2025-05-30,cerrado
CIPROFLOXACINA SOLUCION OFTALMICA 3 mg,S01AX13,no_desabastecido,2026-01-30,cerrado
"CISATRACURIO BESILATO EQUIVALENTE A CISATRACURIO BASE SOLUCIÓN INYECTABLE 5 mg / 2.5 mL, 10 mg / 5 mL Y 5 mg / 1 mL",M03AC11,no_desabastecido,2026-05-29,cerrado
CISPLATINO SOLUCIÓN INYECTABLE 50 mg / VIAL (50 ml) = 1 mg/ml,L01XA01,no_desabastecido,2023-07-10,cerrado
CITARABINA POLVO LIOFILIZADO PARA RECONSTITUIR A SOLUCIÓN INYECTABLE 500 mg / VIAL (10 mL) 100 mg / VIAL,L01BC01,no_desabastecido,2023-07-10,cerrado
CITARABINA SOLUCIÓN INYECTABLE 100 mg/ml 500 mg / 5 mL 1000 mg / 10 mL,L01BC01,no_desabastecido,2024-08-30,cerrado
CITRATO DE CLOMIFENO TABLETA 50 mg,G03GB02,no_desabastecido,2024-06-28,cerrado
CLADRIBINA TABLETA 10 mg,L01BB04,no_desabastecido,2026-01-30,cerrado
CLARITROMICINA SUSPENSIÓN ORAL 250 mg/5ml 125 mg/5ml,J01FA09,no_desabastecido,2024-04-25,cerrado
CLARITROMICINA TABLETA DE LIBERACION PROLONGADA 500 mg,J01FA09,no_desabastecido,2026-05-29,cerrado
CLARITROMICINA TABLETA 500 mg,J01FA09,no_desabastecido,2026-05-29,cerrado
CLINDAMICINA SOLUCIÓN INYECTABLE 600 mg / 4 ml,J01FF01,no_desabastecido,2026-05-29,cerrado
CLOMIPRAMINA CLORHIDRATO TABLETA 25 mg,N06AA04,no_desabastecido,2026-02-25,cerrado
"CLONAZEPAM TABLETA 0,5 mg y 2 mg",N03AE01,no_desabastecido,2026-03-20,cerrado
CLONIDINA TABLETA 0.150 mg,C02AC01,no_desabastecido,2023-04-03,cerrado
CLOROQUINA FOSFATO EQUIVALENTE A CLOROQUINA BASE TABLETA 150 mg Y 250 mg,P01BA01,no_desabastecido,2025-04-30,cerrado
"CLORTALIDONA TABLETA 25 mg Y 12,5 mg",C03DB01,no_desabastecido,2025-02-28,cerrado
"CLORURO DE POTASIO SOLUCIÓN INYECTABLE 2 meq/ml (10%) Y 1,341 meq/ ML (10%)",B05XA01,no_desabastecido,2026-04-30,cerrado
CLOTRIMAZOL CREMA TOPICA 1% - 2%,D01AC01,no_desabastecido,2025-10-30,cerrado
COLECALCIFEROL TABLETA 400 UI Y 7000 UI,A11CC05,no_desabastecido,2025-04-30,cerrado
"COLECALCIFEROL SOLUCIÓN ORAL 560 UI, 5600 UI, 25000 UI Y 100000 UI",A11CC05,no_desabastecido,2025-04-30,cerrado
CRIZOTINIB TABLETA 200 mg Y 250 mg,L01XE16,no_desabastecido,2025-07-23,cerrado
CROMOGLICATO SÓDICO SOLUCIÓN OFTÁLMICA 2% Y 4%,S01GX01,no_desabastecido,2024-02-24,cerrado
"D,L-EXAMETAZIMA POLVO LIOFILIZADO PARA RECONSTITUIR A SOLUCIÓN INYECTABLE 0.3 mg/vial",V09DA02,no_desabastecido,2023-06-28,cerrado
"DALTEPARINA SÓDICA SOLUCIÓN INYECTABLE 2.500 UI, 5.000 UI, 7.500 UI Y 10.000 UI",B01AB04,no_desabastecido,2025-09-30,cerrado
DARUNAVIR TABLETA 600 mg Y 800 mg,J05AE10,no_desabastecido,2026-04-30,cerrado
"DASATINIB CAPSULA DURA 50 mg, 70 mg, 100 mg y 140 mg",L01XE05,no_desabastecido,2025-09-30,cerrado
"DASATINIB TABLETA 20 mg, 50 mg, 70 mg, 100 mg y 140 mg",L01XE06,no_desabastecido,2026-02-26,cerrado
DAUNORRUBICINA POLVO LIOFILIZADO PARA RECONSTITUIR A SOLUCIÓN INYECTABLE 20 mg / VIAL,L01DB01,no_desabastecido,2024-06-28,cerrado
DECANOATO DE NANDROLONA 50.00000 mg SOLUCION INYECTABLE,A14AB01,no_desabastecido,2025-09-30,cerrado
DEFLAZACORT TABLETA 6 mg Y 30 mg,H02AB13,no_desabastecido,2023-10-31,cerrado
DEGLUDEC + LIRAGLUTIDA SOLUCIÓN INYECTABLE 100 mg,A10AE56,no_desabastecido,2023-10-31,cerrado
DESLORATADINA JARABE 2.5 mg/5mL 0.05 g/100mL 50 mg/100mL,R06AX27,no_desabastecido,2024-08-30,cerrado
DESLORATADINA TABLETA 2.5 mg Y 5 mg,R06AX27,no_desabastecido,2024-04-25,cerrado
DESMOPRESINA SOLUCIÓN NASAL EN SPRAY 0.1 mg/ml - 10 mcg; 0.1 mg/ml equivalente a 80 mcg/ml,H01BA02,no_desabastecido,2026-04-30,cerrado
DESVENLAFAXINA TABLETA 50mg Y 100 mg,N06AX23,no_desabastecido,2025-02-28,cerrado
DEXAMETASONA SOLUCIÓN INYECTABLE 8 mg/ 2 ml,H02AB02,no_desabastecido,2026-02-27,cerrado
DEXAMETASONA TABLETA 4 mg Y 40 mg,H02AB02,no_desabastecido,2023-07-10,cerrado
DEXAMETASONA TABLETA 0.75 mg,H02AB02,no_desabastecido,2024-06-28,cerrado
DEXAMETASONA + CIPROFLOXACIN SOLUCIÓN OFTÁLMICA 3 mg/ml + 1 mg/ml,S01CA01,no_desabastecido,2026-02-27,cerrado
DEXMEDETOMIDINA CLORHIDRATO SOLUCIÓN INYECTABLE 4 mcg / vial,N05CM18,no_desabastecido,2026-03-26,cerrado
DICLOFENACO SLN INYECTABLE 75 mg / vial,M01AB05,no_desabastecido,2025-08-29,cerrado
DIENOGEST TABLETA 2 mg,G03DB08,no_desabastecido,2024-08-30,cerrado
DIENOGEST + ESTRADIOL TABLETA 2 mg + 3 mg,G03AA14,no_desabastecido,2022-11-28,cerrado
DILTIAZEM TABLETA 60 mg,C08DB01,no_desabastecido,2023-04-23,cerrado
DINITRATO DE ISOSORBIDA TABLETA SUBLINGUAL 5 mg,C01DA08,no_desabastecido,2023-11-21,cerrado
DIPIRONA SOLUCIÓN INYECTABLE 1g y 2.5 g,N02BB02,no_desabastecido,2024-04-25,cerrado
DOBUTAMINA SOLUCIÓN INYECTABLE 1 mg/ml,C01CA07,no_desabastecido,2020-06-08,cerrado
"DOLUTEGRAVIR SODICO 52,6 mg EQUIVALENTES A DOLUTEGRAVIR 50 mg TABLETA",J05AX12,no_desabastecido,2026-03-31,cerrado
DORNASA SOLUCIÓN PARA INHALACIÓN 1 mg/mL,R05CB13,no_desabastecido,2025-12-16,cerrado
DOXAZOSINA TABLETA 4 mg,C02CA04,no_desabastecido,2024-05-29,cerrado
DOXORUBICINA POLVO LIOFILIZADO PARA RECONSTITUIR A SOLUCIÓN INYECTABLE 10 mg / VIAL Y 50 mg / VIAL,L01DB01,no_desabastecido,2025-12-19,cerrado
DROSPIRENONA + ETINILESTRADIOL FUERTE TABLETA 3 mg + 30 mcg,G03AA12,no_desabastecido,2025-10-31,cerrado
DROSPIRENONA + ETINILESTRADIOL SUAVE TABLETA 3 mg + 20 mcg Y 2 mg + 20 mcg,G03AA12,no_desabastecido,2025-10-31,cerrado
DULAGLUTIDA SOLUCION INYECTABLE 0.75 mg/ 0.5 ml y 1.5 mg/ 0.5 ml,A10BJ06,no_desabastecido,2025-12-19,cerrado
EFAVIRENZ TABLETA 600 mg,J05AG03,no_desabastecido,2025-06-26,cerrado
ELETRIPTÁN TABLETA 40 mg,N02CC06,no_desabastecido,2025-10-31,cerrado
EMICIZUMAB SLN INYECTABLE 30 mg/ml y 150 mg/ml,B02BX06,no_desabastecido,2026-02-27,cerrado
EMPAGLIFOZINA TABLETA 10 mg Y 25 mg,A10BK03,no_desabastecido,2026-02-24,cerrado
ENANTATO DE NORETISTERONA + VALERATO DE ESTRADIOL SOLUCIÓN INYECTABLE 50 mg + 5 mg,G03AB04,no_desabastecido,2025-07-31,cerrado
"ENTECAVIR TABLETA 0,5 mg Y 1 mg",J05AF10,no_desabastecido,2026-05-29,cerrado
EPLERENONA TABLETA 25 mg Y 50 mg,C03DA04,no_desabastecido,2023-04-23,cerrado
EPROSARTÁN TABLETA 600 mg,C09CA02,no_desabastecido,2023-04-23,cerrado
ERITROMICINA TABLETA 500 mg,J01FA01,no_desabastecido,2024-10-31,cerrado
ERITROPOYETINA HUMANA RECOMBINANTE 4000 IU POLVO ESTERIL PARA RECONSTITUIR A SUSPENSION INYECTABLE,B03XA01,no_desabastecido,2026-03-26,cerrado
ERITROPOYETINA HUMANA RECOMBINANTE 40000 UI POLVO ESTERIL PARA RECONSTITUIR A SOLUCION INYECTABLE/ SOLUCION INYECTABLE,B03XA01,no_desabastecido,2026-03-26,cerrado
ERITROPOYETINA RECOMBINANTE HUMANA 2000 UI SOLUCIÓN INYECTABLE / POLVO ESTÉRIL PARA RECONSTITUIR A SOLUCION INYECTABLE,B03XA01,no_desabastecido,2026-03-26,cerrado
ERITROPOYETINA RECOMBINANTE HUMANA TIPO BETA (EPOETINA BETA) 30000 UI SOLUCION INYECTABLE,B03XA01,no_desabastecido,2026-03-26,cerrado
ESCITALOPRAM TABLETA 10 mg y 20 mg,N06AB10,no_desabastecido,2026-04-30,cerrado
"ESCITALOPRAM SOLUCIÓN ORAL 0.1 g, 10 mg y 20 mg",N06AB10,no_desabastecido,2026-04-30,cerrado
ESPIRAMICINA BASE TABLETA 3.000.000 UI,J01FA02,no_desabastecido,2026-02-27,cerrado
ESPIRONOLACTONA TABLETA 25 mg,C03DA01,no_desabastecido,2025-12-31,cerrado
ESPIRONOLACTONA TABLETA 100 mg,C03DA01,no_desabastecido,2025-12-31,cerrado
"ESTRÓGENOS CONJUGADOS CREMA VAGINAL 0,625 mg/g",G03CA57,no_desabastecido,2023-09-04,cerrado
ESZOPICLONA TABLETA 3 mg,N05CF04,no_desabastecido,2026-05-29,cerrado
ETAMBUTOL TABLETA 400 mg,J04AK02,no_desabastecido,2025-07-31,cerrado
ETORICOXIB TABLETA 90 mg,M01AH05,no_desabastecido,2025-09-30,cerrado
EXENATIDA SUSPENSIÓN INYECTABLE 2 mg / VIAL,A10BJ01,no_desabastecido,2024-07-31,cerrado
"FACTOR VIII (Recombinante EHL) - POLVO LIOFILIZADO PARA RECONSTITUIR A SOLUCIÓN INYECTABLE 500UI, 250 UI, 1000 UI, 1500 UI, 2000UI, 3000 UI / VIAL",B02BD02,no_desabastecido,2026-02-27,cerrado
"FACTOR VIII (Recombinante SHL) POLVO LIOFILIZADO PARA RECONSTITUIR A SOLUCIÓN INYECTABLE 500UI, 250 UI, 1000 UI, 1500 UI, 2000UI y 3000 UI / VIAL",B02BD02,no_desabastecido,2026-02-27,cerrado
FACTOR VIII + FACTOR VON WILLEBRAND (Con proporción de Factor VW superior a la de Factor VIII) POLVO ESTERIL PARA RECONSTITUIR A SOLUCION INYECTABLE (50 UI + 120 UI) / VIAL,B02BD06,no_desabastecido,2026-02-27,cerrado
FEBUXOSTAT TABLETA 40 mg,M04AA03,no_desabastecido,2025-05-30,cerrado
FEBUXOSTAT TABLETA 80 mg,M04AA03,no_desabastecido,2026-02-27,cerrado
FENITOINA SUSPENSION ORAL 2.5 g,N03AB02,no_desabastecido,2025-04-30,cerrado
FENITOINA CAPSULA DURA 100 mg,N03AB02,no_desabastecido,2026-03-19,cerrado
FENITOINA SOLUCION INYECTABLE 250 mg,N03AB02,no_desabastecido,2025-08-29,cerrado
FENOBARBITAL TABLETA 10 mg y 50 mg,N03AB02,no_desabastecido,2026-04-24,cerrado
FENOTEROL/ BROMURO DE IPRATROPIO SOLUCIÓN INHALACIÓN 0.5 mg/ml Y 0.25 mg/ml,R03AL01,no_desabastecido,2020-06-08,cerrado
FLUOROURACILO SOLUCIÓN INYECTABLE 500 mg/10mL,L01BC02,no_desabastecido,2023-05-29,cerrado
FLUOXETINA TABLETA 20 mg JARABE 20 mg/ 5 mL,N06AB03,no_desabastecido,2024-07-31,cerrado
FLUOXETINA CAPSULA 20 mg,N06AB03,no_desabastecido,2026-04-30,cerrado
FLUVOXAMINA TABLETA 100 mg,N06AB08,no_desabastecido,2026-04-30,cerrado
FOLINATO DE CALCIO SOLUCIÓN INYECTABLE 50 mg/5 ml (10 mg/ml),V03AF03,no_desabastecido,2025-04-30,cerrado
"FONDAPARINUX SOLUCION INYECTABLE 2,5 mg / 0,5 ml",B01AX05,monitorizacion,2025-09-30,cerrado
FOSFOMICINA POLVO ESTÉRIL PARA RECONSTITUIR A SOLUCIÓN INYECTABLE 4 g / VIAL,J01XX01,monitorizacion,2025-05-30,cerrado
FUROSEMIDA TABLETA 40 mg,C03CA01,no_desabastecido,2025-08-29,cerrado
GATIFLOXACIN SOLUCIÓN OFTÁLMICA 5 mg/mL,S01AE06,no_desabastecido,2026-02-27,cerrado
GLIBENCLAMIDA TABLETA 5 mg,A10BB01,no_desabastecido,2024-06-28,cerrado
GLUCONATO DE CALCIO SOLUCIÓN INYECTABLE al 10% 940 mg / 100 mL,A12AA03,no_desabastecido,2026-02-27,cerrado
"HEPARINA SÓDICA SOLUCIÓN INYECTABLE 1.000UI/ml, 5.000 UI/ml, 25.000UI/ml Y 25.000UI /5 ml",B01AB01,no_desabastecido,2023-04-03,cerrado
HIALURONIDASA POLVO LIOFILIZADO PARA RECONSTITUIR A SOLUCIÓN INYECTABLE 150 UI / VIAL,V04AA01,no_desabastecido,2023-07-19,cerrado
HIDROCLOROTIAZIDA TABLETA 12.5 mg y 50 mg,N02AA03,no_desabastecido,2023-04-23,cerrado
HIDROCORTISONA SUCCINATO SODICO POLVO ESTERIL PARA RECONSTITUIR A SOLUCION INYECTABLE 100 mg / VIAL,H02AB09,no_desabastecido,2026-05-29,cerrado
HIDROMORFONA SOLUCIÓN INYECTABLE 2 mg/ml,N02AA03,no_desabastecido,2023-10-27,cerrado
HIDROMORFONA TABLETA 2.5 mg,N02AA03,no_desabastecido,2023-10-27,cerrado
HIERRO POLIMALTOSADO CON MULTIVITAMINAS Y ACIDO FOLICO JARABE (0.2 mg + 30 mg) / 100 ml,B03AE02,no_desabastecido,2025-10-30,cerrado
HIERRO POLIMALTOSADO CON MULTIVITAMINAS Y ACIDO FOLICO CAPSULA DURA 100 mg + 1 mg + 330 mg,B03AE02,no_desabastecido,2025-10-30,cerrado
HIERRO POLIMALTOSADO CON MULTIVITAMINAS Y ACIDO FOLICO TABLETA 100 mg + 400 mcg,B03AE02,no_desabastecido,2025-10-30,cerrado
HIERRO POLIMALTOSADO CON MULTIVITAMINAS Y ACIDO FOLICO TABLETA 60 mg + 70 mg + 0.4 mg,B03AE02,no_desabastecido,2025-03-31,cerrado
ICATIBANT ACETATO EQUIVALENTE A ICATIBANT SOLUCION INYECTABLE 30 mg / 3 ml (10 mg / ml),B06AC02,no_desabastecido,2025-05-30,cerrado
IDARRUBICINA POLVO LIOFILIZADO PARA RECONSTITUIR A SOLUCIÓN INYECTABLE 10 mg / VIAL,L01DB06,no_desabastecido,2025-12-19,cerrado
IDARRUBICINA SOLUCIÓN CONCENTRADA PARA INFUSIÓN 1 mg/ml,L01DB06,no_desabastecido,2023-07-10,cerrado
ILOPROST SUSPENSIÓN PARA INHALACIÓN CON NEBULIZADOR 10 mcg Y 20 mcg,B01AC11,no_desabastecido,2025-07-31,cerrado
IMIPRAMINA TABLETA 10 mg Y 25 mg,N06AA02,no_desabastecido,2024-07-31,cerrado
INDAPAMIDA TABLETA 1.5 mg Y 2.5 mg,C03BA11,no_desabastecido,2023-04-23,cerrado
"INMUNOGLOBULINAS ESPECÍFICAS NEUTRALIZANTES DEL VENENO DE LAS ESPECIES MICRURUS DUMERILII, MICRURUS MIPARTITUS, MICRURUS ISOZONUS Y MICRURUS SURINAMENSIS. SOLUCIÓN INYECTABLE 2 mg/10 mL",J06BB05,no_desabastecido,2024-03-22,cerrado
INSULINA ASPARTA 100 UI 0.03500 mg SOLUCION INYECTABLE,A10AB05,no_desabastecido,2026-04-30,cerrado
INSULINA GLULISINA SOLUCION INYECTABLE 100 UI/ml,A10AB06,no_desabastecido,2026-04-30,cerrado
INSULINA GLARGINA SOLUCIÓN INYECTABLE 100 UI/ml,A10AE04,no_desabastecido,2026-03-27,cerrado
INSULINA GLARGINA SOLUCIÓN INYECTABLE 300 UI/ml,A10AE04,no_desabastecido,2026-03-27,cerrado
IOPRAMIDA SOLUCIÓN INYECTABLE 370 mg/ml,V08AB05,no_desabastecido,2024-06-28,cerrado
IPRATROPIO BROMURO SOLUCION PARA INHALACION 0.02 mg / 100 ml,R03BB01,no_desabastecido,2025-03-31,cerrado
IPATROPIO BROMURO AEROSOL 21 mcg / Inhalación,R03BB01,no_desabastecido,2025-03-31,cerrado
IPATROPIO BROMURO SOLUCION NASAL 62.6 mcg / Inhalación,R03BB01,no_desabastecido,2025-03-31,cerrado
IPATROPIO BROMURO SOLUCION PARA INHALACION 0.25 mg / Inhalación,R03BB01,no_desabastecido,2025-03-31,cerrado
IPATROPIO BROMURO SOLUCION PARA INHALACION 0.4 mg / Inhalación y 0.25 mg / Inhalación,R03BB01,no_desabastecido,2025-03-31,cerrado
IPATROPIO BROMURO AEROSOL 20 mcg / Inhalación,R03BB01,no_desabastecido,2025-03-31,cerrado
IPILIMUMAB SOLUCIÓN INYECTABLE 5 mg /ml,L01XC11,no_desabastecido,2022-11-10,cerrado
IRBESARTÁN TABLETA 150 mg Y 300 mg,C09CA04,no_desabastecido,2023-04-23,cerrado
"IRBESARTÁN + AMLODIPINO TABLETA 150 mg +10 mg;150 mg + 2,5 mg; 300 mg + 2,5 mg; 300 mg +10 mg; 150 mg + 5 mg Y 300 mg + 5 mg",C09DB04,no_desabastecido,2023-04-23,cerrado
IRBESARTAN + HIDROCLOROTIAZIDA TABLETA 12.5 mg + 150 mg,C09DA04,no_desabastecido,2025-04-30,cerrado
KETAMINA SOLUCION INYECTABLE 50 mg/ml Y 500 mg/ 10 ml,N01AX03,no_desabastecido,2025-08-29,cerrado
LABETALOL SOLUCIÓN INYECTABLE 100 mg/20 ml,C07AG01,no_desabastecido,2025-12-18,cerrado
"LACOSAMIDA TABLETA 50 mg, 100 mg, 150 mg y 200 mg",N03AX18,no_desabastecido,2026-04-22,cerrado
LAMIVUDINA + DOLUTEGRAVIR TABLETA 300 mg + 50 mg,J05AR25,no_desabastecido,2024-06-24,cerrado
"LENALIDOMIDA CAPSULA DURA 5 mg, 10 mg, 15 mg y 25 mg",L04AX04,no_desabastecido,2025-03-31,cerrado
LENALIDOMIDA CÁPSULA BLANDA 10 mg,L04AX04,no_desabastecido,2025-03-31,cerrado
LEVOFLOXACINA HEMIHIDRATO EQUIVALENTE A LEVOFLOXACINA 750mg TABLETA RECUBIERTA,J01MA12,no_desabastecido,2026-04-30,cerrado
LEVOFLOXACINO HEMIHIDRATO 512.462 MG EQUIVALENTE A LEVOFLOXACINO BASE 500 mg TABLETA CUBIERTA CON PELICULA,J01MA12,no_desabastecido,2026-04-30,cerrado
LEVOSIMENDAN SOLUCIÓN INYECTABLE 2.5 mg/ml Y 12.5 mg,C01CX08,no_desabastecido,2024-07-31,cerrado
LEVOTIROXINA SODICA TABLETA 62 mcg,H03AA01,no_desabastecido,2026-04-30,cerrado
LEVOTIROXINA SODICA TABLETA 137 mcg,H03AA01,no_desabastecido,2026-04-30,cerrado
LINAGLIPTINA TABLETA 5 mg,A10BH05,no_desabastecido,2025-04-30,cerrado
LIRAGLUTIDA SOLUCIÓN INYECTABLE 6 mg/ml,A10BJ02,no_desabastecido,2025-07-31,cerrado
"LISINOPRIL TABLETA 5 mg, 10 mg y 20 mg",C09AA03,no_desabastecido,2026-04-30,cerrado
LORAZEPAM TABLETA 1 mg y 2 mg,N05BA06,no_desabastecido,2026-04-30,cerrado
"LOSARTAN + HIDROCLOROTIAZIDA TABLETA 50 mg + 12.5 mg, 100 mg + 25 mg Y 100 mg + 12.5 mg",C09DA01,no_desabastecido,2024-09-30,cerrado
"LOSARTAN +AMLODIPINO TABLETA 50 mg + 2.5 mg,100 mg + 5 mg Y 50 mg + 5 mg",C09DB06,no_desabastecido,2023-04-23,cerrado
MACITENTAN TABLETA 10 mg,C02KX04,no_desabastecido,2023-04-23,cerrado
MARAVIROC TABLETA 150 mg,J05AX09,no_desabastecido,2025-07-31,cerrado
MEDROXIPROGESTERONA SOLUCIÓN INYECTABLE 150 mg/3 ml,G03AC06,no_desabastecido,2022-11-28,cerrado
MELFALÁN POLVO PARA RECONSTRUIR A SOLUCIÓN INYECTABLE 50 mg / VIAL,L01AA03,no_desabastecido,2023-02-17,cerrado
MELFALÁN TABLETA 2 mg,L01AA03,no_desabastecido,2024-04-25,cerrado
MEPERIDINA SOLUCIÓN INYECTABLE 100 mg/ 2 ml,N02AC02,no_desabastecido,2024-08-30,cerrado
"MEPIVACAINA SOLUCIÓN INYECTABLE 1%- 10 mg / ML, 2%- 20 mg / 1 mL Y 3%- 30 mg / ml",N01BB03,no_desabastecido,2020-06-08,cerrado
MERCAPTOPURINA TABLETA 50 mg,L01BB02,no_desabastecido,2026-02-27,cerrado
MESNA 400 mg SOLUCION INYECTABLE,V03AF01,no_desabastecido,2026-05-29,cerrado
METADONA SOLUCIÓN ORAL 10 mg/ml,N02AA05,no_desabastecido,2024-09-16,cerrado
"METAMIZOL SODICO / DIPIRONA SOLUCION INYECTABLE 1 g, 2 g, 2.5 mg / ml",N02BB02,no_desabastecido,2025-03-31,cerrado
METAMIZOL SODICO / DIPIRONA TABLETA 500 mg,N02BB02,no_desabastecido,2025-03-31,cerrado
METFORMINA +GLIMEPIRIDA TABLETA 850 mg + 15 mg,A10BD03,no_desabastecido,2024-06-28,cerrado
METFORMINA + EMPAGLIFLOZINA TABLETA 1000 mg + 12.5 mg,A10BD20,no_desabastecido,2025-12-19,cerrado
METFORMINA + EMPAGLIFLOZINA TABLETA 850 mg + 12.5 mg,A10BD20,no_desabastecido,2025-12-19,cerrado
METFORMINA CLORHIDRATO + VILDAGLIPTINA TABLETA 50 mg+ 500 mg; 50 mg+ 1000 mg,A10BD08,no_desabastecido,2026-03-31,cerrado
METILPREDNISOLONA SUSPENSION INYECTABLE 40 mg / ml,H02AB04,no_desabastecido,2026-03-31,cerrado
METIMAZOL / TIAMAZOL TABLETA 5 mg,H03BB02,no_desabastecido,2025-07-28,cerrado
METOCLOPRAMIDA SOLUCIÓN INYECTABLE 10 mg / 100 mL,A03FA01,no_desabastecido,2026-04-30,cerrado
METOCLOPRAMIDA CLORHIDRATO MONOHIDRATO 10 mg TABLETA,A03FA01,no_desabastecido,2026-04-30,cerrado
MIFEPRISTONA TABLETA 200 mg,G03XB01,no_desabastecido,2022-08-19,cerrado
MILRINONA SOLUCION INYECTABLE 10 mg / 10 ml,C01CE02,no_desabastecido,2026-03-26,cerrado
MISOPROSTOL TABLETA 200 mcg,A02BB01,no_desabastecido,2025-03-31,cerrado
MITOXANTRONA SOLUCIÓN INYECTABLE 20 mg / VIAL (10 ml),L01DB07,no_desabastecido,2023-07-10,cerrado
MOLNUPIRAVIR TABLETA 200 mg,J05AX27,no_desabastecido,2022-07-18,cerrado
"MOMETASONA MOMETASONA CREMA TÓPICA 0,1 g",D07AC13,no_desabastecido,2025-10-31,cerrado
MORFINA CLORHIDRATO SOLUCION ORAL (3%) 30 mg/mL (600 mg / 20 mL),N02AA01,no_desabastecido,2026-04-30,cerrado
"MULTIENZIMAS (LIPASA, PROTEASA, ETC.) CAPSULA DURA 150 mg y 300 mg",A09AA02,no_desabastecido,2025-03-31,cerrado
"MULTIENZIMAS (LIPASA, PROTEASA, ETC.) GRANULOS 60.12 mg",A09AA02,no_desabastecido,2025-03-31,cerrado
"NEBIVOLOL TABLETA 2.5 mg, 5 mg, 10mg",C07AB12,no_desabastecido,2024-05-29,cerrado
NEOSTIGMINA SOLUCIÓN INYECTABLE 0.5 mg/ 1ml,N07AA01,no_desabastecido,2026-01-30,cerrado
NEVIRAPINA SUSPENSIÓN ORAL 50 mg / 5 ml (10 mg/ml),J05AG01,no_desabastecido,2025-05-30,cerrado
NIMODIPINO TABLETA 30 mg,C08CA06,no_desabastecido,2024-12-23,cerrado
NITROPRUSIATO DE SODIO SOLUCIÓN INYECTABLE 50 mg/2 ml,C02DD01,no_desabastecido,2023-04-23,cerrado
NOREPINEFRINA SOLUCIÓN INYECTABLE 4 mg / 4 ml,C01CA03,no_desabastecido,2026-03-31,cerrado
NORFLOXACINA TABLETA 400 mg,J01MA06,no_desabastecido,2026-03-31,cerrado
OLMERSARTAN TABLETA 20 mg Y 40 mg,C09CA08,no_desabastecido,2023-04-23,cerrado
"OLMESARTÁN + AMLODIPINO TABLETA 20 mg +5 mg, 40 mg +5 mg Y 40 mg + 10 mg",C09DB02,no_desabastecido,2023-04-23,cerrado
OLMESARTÁN + HIDROCLOROTIAZIDA TABLETA 40 mg + 12.5 mg Y 20 mg + 12.5 mg,C09DA08,no_desabastecido,2023-04-23,cerrado
OMEPRAZOL POLVO LIOFILIZADO PARA RECONSTITUIR A SOLUCIÓN 40 mg / VIAL,A02BC01,no_desabastecido,2025-04-30,cerrado
ONDANSETRÓN TABLETA ORODISPERSABLE 4 mg y 8 mg,A04AA01,no_desabastecido,2024-06-28,cerrado
"ONDANSETRON SOLUCION INYECTABLE 0,25 mg / 5 mL Y 8 mg / 100 mL",A04AA01,no_desabastecido,2025-08-29,cerrado
ONDANSETRON SOLUCION INYECTABLE 4 mg / 2 ml y 8 mg / 4 ml,A04AA01,no_desabastecido,2026-03-31,cerrado
ONDANSETRON TABLETA 4 mg y 8 mg,A04AA01,no_desabastecido,2025-03-31,cerrado
ONDANSETRÓN CLORHIDRATO SOLUCIÓN INYECTABLE 4 mg / 2 ml,A04AA01,no_desabastecido,2023-07-10,cerrado
OSELTAMIVIR CÁPSULA DURA 75 mg,J05AH02,no_desabastecido,2025-02-28,cerrado
OXCARBAZEPINA SUSPENSION ORAL 60 mg / ml,N03AF02,,2026-04-30,cerrado
OXIGENO GAS 0.93 y 0.99 (93% y 99%),V03AN01,no_desabastecido,2024-06-28,cerrado
"PACLITAXEL SOLUCIÓN INYECTABLE 30 mg/5 ml, 100 mg/ml Y 300 mg/50 ml",L01CD01,no_desabastecido,2024-05-29,cerrado
"PACLITAXEL POLVO ESTERIL PARA RECONSTITUIR A SUSPENSION INYECTABLE Y SOLUCION INYECTABLE 6 mg / vial, 30 mg / vial, 100 mg / vial",L01CD01,no_desabastecido,2025-03-31,cerrado
"PALIVIZUMAB SOLUCION INYECTABLE 50 mg / 0,5 ml Y 100 mg / 0,5 ml",J06BB16,no_desabastecido,2025-09-21,cerrado
PANCREATINA EN GRÁNULOS EQUIVALENTE A: 5000 unidades PH EUR. LIPASA 3600 unidades PH EUR. AMILASA 200 unidades PH EUR. PROTEASA,A09AA02,no_desabastecido,2024-05-28,cerrado
PARACETAMOL (ACETAMINOFÉN) TABLETA 500 mg,N02BE01,no_desabastecido,2026-05-29,cerrado
"PARACETAMOL (ACETAMINOFÉN) SOLUCIÓN ORAL 150 mg/5 mL, 250 mg/5 mL Y 100 mg/mL",N02BE01,no_desabastecido,2024-04-25,cerrado
PERINDOPRIL ARGINATO TABLETA 5 mg y 10 mg,C09AA04,no_desabastecido,2025-09-30,cerrado
"PERINDOPRIL + INDAPAMIDA + AMLODIPINO TABLETA 5 mf/1,25mg/10mg, 10mg/2,5mg/5,g y 10mg/2,5mg /10mg",C09BX01,no_desabastecido,2026-04-30,cerrado
PILOCARPINA CLORHIDRATO TABLETA 5 mg,N07AX01,no_desabastecido,2026-03-31,cerrado
PIRACETAM SOLUCION ORAL 8 g TABLETA 800 mg y 1200 mg,N06BX03,no_desabastecido,2026-04-30,cerrado
PIRITINOL SUSPENSIÓN ORAL 20 mg / 5 ml,N06BX02,no_desabastecido,2026-04-24,cerrado
PLERIXAFOR SOLUCIÓN INYECTABLE 24 mg/1.2 ml (820 mg/ml),L03AX16,no_desabastecido,2022-10-31,cerrado
POLIETILENGLICOL POLVO PARA RECONSTITUIR A SOLUCIÓN ORAL 50 g/100 mL,A06AD15,no_desabastecido,2024-06-28,cerrado
POLIETILENGLICOL POLVO PARA RECONSTITUIR A SOLUCIÓN ORAL 86.85 g y 100 g,A06AD15,no_desabastecido,2026-04-30,cerrado
POSACONAZOL TABLETA 100 mg,J02AC04,no_desabastecido,2026-03-26,cerrado
"PRAMIPEXOL TABLETA DE LIBERACION PROLONGADA 1.05 mg; 3 mg;1.5 mg; 4.5 mg; 0.75 mg, 0.375 mg Y 1 mg",N04BC05,no_desabastecido,2025-04-30,cerrado
PRAZOSIN TABLETA 1 mg,C02CA01,no_desabastecido,2026-04-30,cerrado
PREDNISOLONA SUSPENSIÓN OFTÁLMICA 10 mg/ml (1%),S01BA04,no_desabastecido,2023-10-27,cerrado
PRIMIDONA TABLETA 250 mg,N03AA03,no_desabastecido,2025-02-28,cerrado
PROGESTERONA CÁPSULA DURA 400 mg,G03DA04,no_desabastecido,2023-09-27,cerrado
PROPAFENONA TABLETA 150 mg y 300 mg,C01BC03,no_desabastecido,2025-10-28,cerrado
PROTAMINA SOLUCIÓN INYECTABLE 1000 UI/ml,B01AB14,no_desabastecido,2023-07-18,cerrado
RAUWOLFIA - ESCINA TABLETA 15 mg,C04AA02,no_desabastecido,2023-04-23,cerrado
RIBOCICLIB TABLETA 200 mg,L01XE42,no_desabastecido,2025-12-16,cerrado
"RIFAXIMINA TABLETA 200 mg, 400 mg Y 550 mg",A07AA11,no_desabastecido,2024-09-30,cerrado
RILUZOL TABLETA 50 mg,N07XX02,no_desabastecido,2024-04-25,cerrado
"RIOCIGUAT TABLETA 0.5 mg, 1 mg, 1.5 mg, 2 mg Y 2.5 mg",C02KX03,no_desabastecido,2023-04-23,cerrado
RISPERIDONA SOLUCION ORAL 100 mg / 100 ml,N05AX08,no_desabastecido,2025-03-31,cerrado
RISPERIDONA POLVO ESTERIL PARA RECONSTITUIR A SUSPENSION INYECTABLE 25 mg / VIAL,N05AX08,no_desabastecido,2025-03-31,cerrado
RISPERIDONA POLVO ESTERIL PARA RECONSTITUIR A SUSPENSION INYECTABLE 37.5 mg / VIAL,N05AX08,no_desabastecido,2025-03-31,cerrado
RITONAVIR CAPSULA DURA 100 mg,J05AE03,no_desabastecido,2025-04-30,cerrado
"RITUXIMAB SOLUCIÓN INYECTABLE 10 mg / mL, 100 mg / 10 mL, 500 mg / 50 ml, 1400 mg / Vial",L01XC02,no_desabastecido,2026-05-29,cerrado
ROSUVASTATINA + EZETIMIBE TABLETA 20 mg/10 mg y 40 mg/10 mg,C10BA06,no_desabastecido,2024-06-28,cerrado
ROSUVASTATINA + FENOFIBRATO CÁPSULA DURA 20 mg/135 mg Y 5 mg/135 mg,C10BA06,no_desabastecido,2024-09-30,cerrado
"ROSUVASTATINA TABLETA 10 mg, 20 mg Y 40 mg",C10AA07,no_desabastecido,2025-10-31,cerrado
"ROTIGOTINA PARCHE TRANSDERMICO 9 mg LIBERA 4 mg EN 24 horas; 13,5 mg LIBERA 6 mg EN 24 horas; 18 mg LIBERA 8 mg EN 24 horas",N04BC09,no_desabastecido,2025-05-30,cerrado
RUXOLITINIB TABLETA 5 mg,L01XE18,no_desabastecido,2025-08-29,cerrado
SACARATO DE HIERRO III SOLUCIÓN INYECTABLE 100 mg/5 ml (20 mg/ml),B03AC02,no_desabastecido,2024-05-29,cerrado
SALMETEROL + FLUTICASONA SUSPENSIÓN PARA INHALACIÓN 25 mcg + 125 mcg,R03AK06,no_desabastecido,2024-09-30,cerrado
"SEMAGLUTIDA SOLUCION INYECTABLE 0.68 mg/ml, 1.34 mg,/ml SEMAGLUTIDA TABLETA 3 mg, 7 mg, 14 mg",A10BJ06,no_desabastecido,2025-11-28,cerrado
"SITAGLIPTINA TABLETA 25 mg, 50 mg Y 100 mg",A10BH01,no_desabastecido,2025-08-29,cerrado
SODIO YODURO (131I) CAPSULA DURA 37 MBq,V10XA01,no_desabastecido,2025-03-31,cerrado
SODIO YODURO (131I) CAPSULA DURA 5500 MBq,V10XA01,no_desabastecido,2025-03-31,cerrado
SODIO YODURO (131I) SOLUCION INYECTABLE 740 MBq,V09FX03,no_desabastecido,2025-03-31,cerrado
SODIO YODURO (131I) CAPSULA DURA 7400 MBq,V09FX03,no_desabastecido,2025-03-31,cerrado
SOMATROPINA POLVO LIOFILIZADO PARA RECONSTITUIR A SOLUCION INYECTABLE 12 mg (36 U.I.) / VIAL,H01AC01,no_desabastecido,2026-03-26,cerrado
"SOMATROPINA POLVO LIOFILIZADO PARA RECONSTITUIR A SOLUCION INYECTABLE 5,3mg (16 U.I.) / VIAL",H01AC01,no_desabastecido,2026-03-26,cerrado
SOMATROPINA SOLUCION INYECTABLE 15 mg /1.5 ml (10 mg/ml),H01AC01,no_desabastecido,2026-03-26,cerrado
"SOMATROPINA SOLUCION INYECTABLE 10 mg/1,5 ml (6.7 mg/ml)",H01AC01,no_desabastecido,2026-03-26,cerrado
SULFACETAMIDA SOLUCIÓN OFTÁLMICA 10%,S01AB04,no_desabastecido,2024-07-31,cerrado
SULFATO DE MAGNESIO SOLUCIÓN INYECTABLE 20%,B05XA01,no_desabastecido,2023-09-27,cerrado
"SULFATO DE ZINC SOLUCIÓN ORAL 200 mg, 400 mg y 549 mg",A12CB01,no_desabastecido,2026-04-30,cerrado
SULFATO FERROSO SOLUCIÓN ORAL 25 mg/1mL,B03AA07,no_desabastecido,2024-05-29,cerrado
SUXAMETONIO / SUCCINILCOLINA CLORURO SOLUCIÓN INYECTABLE 100 mg/ml,M03AB01,no_desabastecido,2025-10-31,cerrado
TACROLIMUS SOLUCIÓN INYECTABLE 5 mg/ml,L04AD02,no_desabastecido,2020-06-08,cerrado
TAMOXIFENO TABLETA 20 mg,L02BA01,no_desabastecido,2025-02-28,cerrado
"TAMSULOSINA TABLETA 0,4 mg",G04CA02,no_desabastecido,2023-03-31,cerrado
"TAMSULOSINA + DUTASTERIDE TABLETA 0,4 mg + 0,5 mg",G04CA52,no_desabastecido,2025-02-28,cerrado
TECNECIO 99 POLVO LIOFILIZADO PARA RECONSTITUIR A SOLUCIÓN INYECTABLE 2 GBq y 740 GBq.,V09FX01,no_desabastecido,2026-05-29,cerrado
TERBINAFINA TABLETA 250 mg,D01BA02,no_desabastecido,2026-03-31,cerrado
"TELMISARTÁN + AMLODIPINO TABLETA 10 mg + 40 mg, 10 mg + 80 mg y 80 mg + 5 mg",C09DB04,no_desabastecido,2025-10-28,cerrado
"TELMISARTAN + HIDROCLOROTIAZIDA TABLETA 80 mg + 25 mg Y 80 mg + 12,5 mg",C09DA08,no_desabastecido,2023-04-23,cerrado
TELMISARTAN TABLETA 40 mg Y 80 mg,C09CA07,no_desabastecido,2025-05-30,cerrado
TENECTEPLASA POLVO LIOFILIZADO PARA RECONSTITUIR A SOLUCION INYECTABLE (EQUIVALENTE A 10000 UI) 50 mg / vial,B01AD11,no_desabastecido,2025-11-28,cerrado
TENOFOVIR DISOPROXIL + EMTRICITABINA TABLETA 300 mg + 200 mg,J05AR03,no_desabastecido,2024-04-30,cerrado
TESTOSTERONA GEL TOPICO 1 g,G03BA03,no_desabastecido,2025-12-31,cerrado
MALEATO DE TIMOLOL EQUIVALENTE A TIMOLOL SOLUCION OFTALMICA 5 mg/ml,S01ED01,no_desabastecido,2026-01-30,cerrado
TIOGUANINA TABLETA 40 mg,L01BB01,no_desabastecido,2023-07-10,cerrado
TIOPENTAL POLVO PARA SOLUCIÓN INYECTABLE INTRAVENOSO 1 g/ VIAL,N01AF03,no_desabastecido,2025-02-27,cerrado
"TOCILIZUMAB SOLUCIÓN INYECTABLE / SOLUCIÓN PARA INFUSIÓN 200 mg / 10 ml, 80 mg / 4 ml y 162 mg / 0.9 ml",L04AC07,no_desabastecido,2026-02-25,cerrado
TOLTERODINA CAPSULA DE LIBERACION PROLONGADA 2 mg Y 4 mg,G04BD07,no_desabastecido,2025-03-31,cerrado
TOXOIDE PURIFICADO DE DIFTERIA 30LF (>=20 UI) 30.00000 Lf | TOXOIDE PURIFICADO DE TÉTANO 10LF (>=40 UI) 10.00000 Lf | TOXOIDE PURIFICADO ADSORBIDO DE PERTUSSIS 25.00000 mcg | HEMAGLUTININA FILAMENTOSA 25.00000 mcg | VIRUS DE POLIOMIELITIS INACTIVADOS TIPO 1 29.00000 DU | VIRUS DE POLIOMIELITIS INACTIVADOS TIPO 2 7.00000 DU | VIRUS DE POLIOMIELITIS INACTIVADOS TIPO 3 26.00000 DU | POLISACARIDO DE HAEMOPHILUS INFLUENZAE TIPO B COMBINADO A LA PROTEINA TETÁNICA (18-30 MCG) 10.00000 mcg POLVO ESTERIL PARA RECONSTITUIR A SUSPENSION INYECTABLE,J07CA06,no_desabastecido,2026-03-31,cerrado
TOXOIDE DIFTERIA MODIFICADO 30LF (=20 UI) 30.00000 Lf | TOXOIDE TETANICO PURIFICADO 10LF (=40 UI) 10.00000 Lf | TOXOIDE PERTUSICO PURIFICADO ABSORBIDO 25.00000 mcg | HEMAGLUTININA FILAMENTOSA PURIFICADA ADSORBIDA 25.00000 mcg | VIRUS DE POLIOMIELITIS INACTIVADO TIPO 1 29.00000 DU | VIRUS DE POLIOMIELITIS INACTIVADO TIPO 2 7.00000 DU | VIRUS DE POLIOMIELITIS INACTIVADO TIPO 3 26.00000 DU SUSPENSION INYECTABLE,J07CA02,no_desabastecido,2026-03-31,cerrado
TOXOIDE DIFTERICO (MAYOR O IGUAL 20UI) 30.00000 Lf | TOXOIDE TETANICO (MAYOR O IGUAL 40UI) 10.00000 Lf | ANTIGENOS DE BORDETELLA PERTUSIS: TOXOIDE PERTUSICO 25.00000 µg | ANTIGENOS DE BORDETELLA PERTUSIS: HEMAGLUTININA FILAMENTOSA 25.00000 µg | POLIOVIRUS INACTIVADO TIPO 1 (MAHONEY) 29.00000 DU | POLIOVIRUS INACTIVADO TIPO 2 (MEF- 1) 7.00000 DU | POLIOVIRUS INACTIVADO TIPO 3 (SAUKETT) 26.00000 DU | ANTIGENO DE SUPERFICIE DEL VIRUS DE LA HEPATITIS B 10.00000 µg | POLISACARIDO DE HAEMOPHILUS INFLUENZAE TIPO B (CONJUGADO CON PROTEINA TETANICA (PRPT) 22 - 36 MCG) 12.00000 µg SUSPENSION INYECTABLE,J07CA09,no_desabastecido,2026-03-31,cerrado
TOXOIDE DIFTERICO 2.00000 IU | TOXOIDE TETANICO 20.00000 IU | TOXOIDE PERTUSSIS 8.00000 mcg | HEMAGLUTININA FILAMENTOSA 8.00000 mcg | PERTACTINA 2.50000 mcg SUSPENSION INYECTABLE,J07AJ52,no_desabastecido,2026-03-31,cerrado
TOXOIDE PERTUSICO ADSORBIDO 2.50000 µg | HEMAGLUTININA FILAMENTOSA ADSORBIDA 5.00000 µg | FIMBRIAS TIPOS 2 Y 3 ADSORBIDAS 5.00000 µg | PERTACTINA ADSORBIDA 3.00000 µg | TOXOIDE DIFTERICO ADSORBIDO 2.00000 LfU | TOXOIDE TETANICO ADSORBIDO 5.00000 LfU SUSPENSIÓN INYECTABLE,J07AM51,no_desabastecido,2026-03-31,cerrado
TOXOIDE DIFTERICO NO MENOS DE 30.00000 UI | TOXOIDE TETANICO NO MENOS DE 40.00000 UI | ANTÍGENOS DE BORDETELLA PERTUSSIS: TOXOIDE PERTUSICO (P) 25.00000 mcg | HEMAGLUTININA FILAMENTOSA (FHA) 25.00000 mcg | PERTACTINA ((PRN) 1 8.00000 mcg | ANTIGENO DE SUPERFICIE DEL VIRUS DE LA HEPATITIS B RECOMBINANTE (HBSAG) 10.00000 mcg | POLISACÁRIDO CAPSULAR DE HAEMOPHILUS INFLUENZAE TIPO B (PRP) CONJUGADO CON TOXOIDE TETANICO (TT) DE APROXIMADAMENTE 25MCG 10.00000 mcg | VIRUS DE POLIO INACTIVADO (CEPA MAHONEY) (IPV) TIPO 1 40.00000 UD | VIRUS DE POLIO INACTIVADO (CEPA MEF-1) (IPV) TIPO 2 8.00000 UD | VIRUS DE POLIO INACTIVADO (CEPA SAUKETT) (IPV) TIPO 3 32.00000 UD POLVO ESTERIL PARA RECONSTITUIR A SUSPENSION INYECTABLE,J07CA09,no_desabastecido,2026-03-31,cerrado
TRAMADOL SOLUCIÓN INYECTABLE 50 mg/ml y 100 mg/ 2 ml,N02AX02,no_desabastecido,2025-10-31,cerrado
TRAMADOL SOLUCIÓN ORAL 100 mg,N02AX02,no_desabastecido,2026-05-29,cerrado
TRAMADOL CAPSULA 50mg,N02AX02,no_desabastecido,2026-05-29,cerrado
TRANDOLAPRIL + VERAPAMILO TABLETA DE LIBERACIÓN PROLONGADA 2 mg +180 mg Y 4 mg + 240 mg,C09DB06,no_desabastecido,2025-02-28,cerrado
TRIMEBUTINA TABLETA 200 mg y 300 mg,A03AA05,no_desabastecido,2024-12-23,cerrado
TRIMETOPRIM + SULFAMETOXAZOL TABLETA 160 mg + 800 mg,J01EE01,no_desabastecido,2025-04-30,cerrado
TRIMETOPRIM + SULFAMETOXAZOL SOLUCIÓN INYECTABLE 80 mg + 400 mg,J01EE01,no_desabastecido,2026-02-27,cerrado
UPADACITINIB TABLETA LIBERACION PROLONGADA 15 mg y 30 mg,L04AA44,no_desabastecido,2026-04-30,cerrado
VACUNA STREPTOCOCCUS PNEUMONIAE TIPO 12F / NEUMOCOCO ANTÍGENOS POLISACÁRIDOS PURIFICADOS SOLUCIÓN INYECTABLE,J07AP01,no_desabastecido,2023-07-18,cerrado
VALGANCICLOVIR TABLETA 450 mg,J05AB14,no_desabastecido,2026-01-30,cerrado
"VALSARTÁN + HIDROCLOROTIAZIDA TABLETA 160 mg + 12.5 mg, 160 mg + 25 mg, 320 mg + 12.5 mg y 320 mg + 25 mg",C09DA03,no_desabastecido,2026-03-31,cerrado
"VALSARTÁN + SACUBITRILO TABLETA 50 mg + 160 mg, 100 mg + 160 mg Y 300 mg + 160 mg",C09DX02,no_desabastecido,2023-04-23,cerrado
VALSARTÁN +INDAPAMINA TABLETA 160mg + 1.25 mg Y 160 mg + 2.5 mg,C09DA07,no_desabastecido,2023-04-23,cerrado
VANCOMICINA POLVO ESTÈRIL PARA RECONSTITUIR A SOLUCIÓN INYECTABLE 500 mg / VIAL,J01XA01,no_desabastecido,2025-05-30,cerrado
"VENLAFAXINA CÁPSULA DE LIBERACION PROLONGADA 37.5 mg, 75 mg y 150 mg",N06AX16,no_desabastecido,2026-05-29,cerrado
VERAPAMILO TABLETA 80 mg Y 120 mg,C08DA01,no_desabastecido,2025-02-28,cerrado
VINBLASTINA POLVO PARA RECONSTITUIR A SOLUCIÓN INYECTABLE 10 mg / VIAL,L01CA01,no_desabastecido,2023-07-10,cerrado
VINBLASTINA SOLUCIÓN INYECTABLE 10 mg / 10 ml,L01CA01,no_desabastecido,2024-06-28,cerrado
VINCRISTINA POLVO LIOFILIZADO PARA RECONSTITUIR A SOLUCIÓN INYECTABLE 1 mg / VIAL,L01CA02,no_desabastecido,2023-07-10,cerrado
VINCRISTINA SOLUCIÓN INYECTABLE 1 mg/ml,L01CA02,no_desabastecido,2023-07-10,cerrado
VINORELBINA SOLUCIÓN CONCENTRADA INYECTABLE PARA INFUSIÓN 50 mg / 5 mL,L01CA04,no_desabastecido,2023-07-10,cerrado
"VIRUS CONTRA LA RABIA (CEPA WISTAR RABIES PM/WI38 1503-3M) POLVO ESTERIL PARA RECONSTITUIR A SOLUCIÓN INYECTABLE 2,5 UI / Dosis (0,5 mL)",J07BG01,no_desabastecido,2025-01-14,cerrado
ZOPICLONA TABLETA 7.5 mg,N05CF01,no_desabastecido,2025-12-18,cerrado
